"DEPRT_YM(출발_년월)","DEPRT_WDAYS(출발_요일)","DEPRT_HOUR(출발_시)","DEST_YM(도착_년월)","DEST_WDAYS(도착_요일)","DEST_HOUR(도착_시)","DEPRTP_EMD_CD(출발지_행정동코드)","DESTNTN_EMD_CD(도착지_행정동코드)","AGE_GR(연령대)","FLOW_TYPE(이동유형)","AVG_TRVL_TIME(평균소요시간)","SUM_LIFE_FLPOP(인원합계)"
"202107","화요일","20","202107","화요일","12","1123059","1123072","20","WE",22,"10.56"
"202104","화요일","15","202104","화요일","17","1108076","1102060","60","WH",149,"*"
"202010","화요일","09","202010","화요일","14","1102052","1114073","40","HW",199,"4.26"
"202008","화요일","11","202008","화요일","01","3125014","1104068","30","EE",65,"*"
"202004","화요일","11","202004","화요일","13","1105067","1107073","70","WE",71,"12.32"
"202007","화요일","15","202007","화요일","05","1103069","1113069","20","EE",110,"3.55"
"202003","화요일","20","202003","화요일","21","1116071","1119076","70","HE",82,"3.17"
"202005","화요일","19","202005","화요일","01","3110153","1124081","30","WE",73,"3.15"
"202112","화요일","05","202112","화요일","14","1121065","1119073","80","EE",16,"3.51"
"202002","화요일","06","202002","화요일","07","1123067","1105055","60","EE",52,"3.29"
"202007","화요일","13","202007","화요일","16","3109155","3112056","50","HE",63,"13.16"
"202104","화요일","13","202104","화요일","17","3102368","1109070","50","WE",72,"*"
"202201","화요일","08","202201","화요일","11","1105053","1120052","20","EE",49,"*"
"202105","화요일","06","202105","화요일","07","1124056","1109069","60","EH",12,"3.04"
"202011","화요일","12","202011","화요일","19","3104158","1117072","40","WH",12,"3.04"
"202104","화요일","17","202104","화요일","12","1125071","1101056","60","WH",28,"*"
"202004","화요일","18","202004","화요일","15","1109073","1104067","30","EW",4,"*"
"202103","화요일","16","202103","화요일","15","1115071","1107073","20","EE",95,"*"
"202109","화요일","10","202109","화요일","12","3113015","3125052","50","WW",20,"3.28"
"202007","화요일","09","202007","화요일","12","1122066","3119262","50","HE",44,"11.56"
"202002","화요일","11","202002","화요일","21","1124071","1118057","40","HE",37,"3.82"
"202110","화요일","06","202110","화요일","08","1122057","1101060","40","WH",61,"16.25"
"202002","화요일","16","202002","화요일","00","3102363","1116069","50","EE",68,"*"
"202004","화요일","18","202004","화요일","15","1107069","1116073","60","WH",11,"4.56"
"202201","화요일","23","202201","화요일","19","1105055","1102067","70","HW",50,"32.57"
"202007","화요일","07","202007","화요일","18","1124052","1102057","60","HW",66,"4.4"
"202004","화요일","21","202004","화요일","18","3120055","3116051","30","EH",75,"24.28"
"202004","화요일","16","202004","화요일","20","1113070","1101061","60","WH",39,"10.02"
"202108","화요일","13","202108","화요일","17","3102159","1102058","50","HE",92,"3.03"
"202012","월요일","14","202012","화요일","12","1123064","3128037","20","WH",131,"30.72"
"202108","화요일","20","202108","화요일","15","1116054","1124061","30","WE",27,"*"
"202108","화요일","12","202108","화요일","08","3110351","3105069","20","HW",13,"3.31"
"202009","화요일","22","202009","화요일","18","1122053","1104067","50","HE",99,"5.5"
"202009","화요일","00","202009","화요일","07","1123078","1104066","30","HE",139,"5.46"
"202101","화요일","18","202101","화요일","17","1115057","1102069","60","WE",40,"*"
"202110","화요일","18","202110","화요일","10","1107057","1116055","10","EE",61,"*"
"202004","화요일","07","202004","화요일","13","1106072","1124058","50","HE",125,"29.41"
"202106","화요일","17","202106","화요일","17","1125067","1115051","60","HE",180,"5.09"
"202109","화요일","07","202109","화요일","18","3104251","1107052","50","EH",20,"*"
"202005","화요일","12","202005","화요일","17","1121078","1102054","30","WE",41,"*"
"202002","화요일","00","202002","화요일","10","1106087","1116072","10","HW",10,"4.56"
"202003","화요일","09","202003","화요일","12","1125074","1124059","10","HW",42,"5.99"
"202004","화요일","11","202004","화요일","20","1105056","1115065","60","WH",39,"12.66"
"202002","화요일","13","202002","화요일","17","1116054","1122055","80","EE",76,"3.18"
"202102","화요일","09","202102","화요일","22","1121058","1114074","60","WH",53,"*"
"202201","화요일","21","202201","화요일","08","2402064","2308076","20","EE",53,"8.16"
"202003","화요일","22","202003","화요일","19","1120070","1109070","50","EE",63,"*"
"202005","화요일","14","202005","화요일","17","1124080","1124077","30","EE",20,"*"
"202108","화요일","15","202108","화요일","15","3125012","1125063","50","WH",20,"*"
"202201","화요일","12","202201","화요일","05","1110052","3105071","50","HW",66,"3.44"
"202002","화요일","12","202002","화요일","21","1122068","1124069","30","WE",47,"*"
"202108","화요일","21","202108","화요일","18","1123059","1123058","50","EE",7,"*"
"202003","화요일","16","202003","화요일","23","1106084","1125066","40","WH",43,"*"
"202201","화요일","17","202201","화요일","18","3110152","1110062","50","HW",122,"6.62"
"202109","화요일","14","202109","화요일","13","1101072","1109064","30","WH",72,"3.15"
"202101","화요일","16","202101","화요일","14","1101064","1112058","30","WE",85,"3.25"
"202011","화요일","13","202011","화요일","12","3531032","1123064","40","EH",6,"8.28"
"202110","화요일","21","202110","화요일","07","1118058","3101356","60","WH",22,"*"
"202012","화요일","16","202012","화요일","19","1113076","1116061","30","HW",49,"3.31"
"202109","화요일","14","202109","화요일","16","1124071","3113031","40","EH",38,"4.7"
"202112","화요일","13","202112","화요일","17","1123060","1119062","30","WH",25,"5.92"
"202105","화요일","14","202105","화요일","06","3123062","3104164","40","HE",15,"3.84"
"202008","화요일","12","202008","화요일","18","1106086","1120072","60","HW",44,"*"
"202110","화요일","20","202110","화요일","17","1123075","1119056","50","WH",56,"6.06"
"202007","화요일","17","202007","화요일","20","1118051","1119075","30","EE",73,"4.68"
"202009","화요일","16","202009","화요일","15","3126034","3110157","30","HW",34,"9.96"
"202102","화요일","10","202102","화요일","22","1110065","1124051","20","EH",23,"4.11"
"202101","월요일","02","202101","화요일","00","1114063","1124056","30","EE",57,"*"
"202102","화요일","12","202102","화요일","07","1119076","1122051","20","EH",27,"3.29"
"202106","화요일","16","202106","화요일","20","1114066","1123059","40","WW",134,"5.71"
"202104","화요일","15","202104","화요일","21","1105064","1106080","30","HE",13,"3.33"
"202009","화요일","14","202009","화요일","22","1105060","1105064","60","HW",69,"16.93"
"202012","화요일","13","202012","화요일","12","3103066","1113075","50","EH",30,"3.82"
"202106","화요일","17","202106","화요일","23","1123064","1107073","30","EH",114,"*"
"202012","화요일","21","202012","화요일","19","1105065","1116071","20","HE",16,"5.73"
"202007","화요일","07","202007","화요일","08","1123064","1121080","50","HE",373,"3.42"
"202007","화요일","22","202007","화요일","08","1125058","1110064","70","HE",68,"4.34"
"202106","화요일","12","202106","화요일","16","1106087","1122067","50","WH",76,"3.19"
"202111","월요일","19","202111","화요일","22","2402059","1119055","30","EE",29,"28.02"
"202010","화요일","20","202010","화요일","11","3124064","1107065","40","HW",8,"3.14"
"202008","화요일","11","202008","화요일","14","3105084","3106051","30","WH",38,"4.39"
"202201","화요일","15","202201","화요일","19","1112051","1120069","60","HE",6,"4.52"
"202104","화요일","05","202104","화요일","12","3119112","1117068","60","EE",445,"*"
"202009","화요일","17","202009","화요일","13","1102070","3117054","20","HW",98,"5.66"
"202010","화요일","14","202010","화요일","21","1102055","1117061","30","HE",106,"*"
"202004","화요일","13","202004","화요일","18","1122053","1120053","20","WH",149,"4.7"
"202006","화요일","19","202006","화요일","20","1122062","1124052","30","EE",39,"4.51"
"202010","화요일","23","202010","화요일","06","3103051","3123061","40","EH",92,"31.35"
"202103","화요일","06","202103","화요일","14","1124065","1122053","20","HW",49,"3.85"
"202009","화요일","07","202009","화요일","20","1123063","3113057","40","EE",17,"3.31"
"202103","화요일","07","202103","화요일","20","1107062","3118061","40","HW",56,"3.52"
"202201","화요일","20","202201","화요일","13","1125055","3118060","60","EH",42,"*"
"202111","화요일","14","202111","화요일","08","3114056","1108082","30","WH",148,"*"
"202002","화요일","20","202002","화요일","16","1107060","1122054","50","WH",61,"3.45"
"202006","화요일","12","202006","화요일","11","3102165","1106081","40","HE",95,"6.58"
"202108","화요일","10","202108","화요일","12","1104073","1123068","30","EH",34,"6.88"
"202108","화요일","22","202108","화요일","13","1123053","1114066","50","EH",100,"3.44"
"202107","화요일","18","202107","화요일","01","1110053","1108072","30","EE",140,"*"
"202109","화요일","16","202109","화요일","19","1103052","1102060","70","EE",44,"10.09"
"202110","화요일","09","202110","화요일","15","1123064","1124077","40","HE",38,"54.26"
"202007","화요일","09","202007","화요일","09","1114074","1111052","40","WH",61,"6.51"
"202102","화요일","18","202102","화요일","17","1116064","3102378","30","HW",56,"*"
"202008","화요일","07","202008","화요일","14","1114066","1119069","40","WH",8,"3.27"
"202101","화요일","20","202101","화요일","06","3119356","1117068","20","HW",62,"19.11"
"202010","화요일","23","202010","화요일","21","1101060","1106081","10","WH",165,"4.72"
"202003","화요일","17","202003","화요일","21","1118051","1122068","50","HE",24,"3.11"
"202003","화요일","06","202003","화요일","17","3101260","1120073","30","EH",21,"3.31"
"202112","화요일","11","202112","화요일","08","3115067","1112074","20","HW",78,"3.27"
"202104","화요일","07","202104","화요일","22","1102057","1116073","20","HW",28,"3.1"
"202112","화요일","12","202112","화요일","20","1122066","1122053","50","EH",432,"3.27"
"202111","화요일","18","202111","화요일","17","1106071","3113015","40","HW",23,"*"
"202110","화요일","17","202110","화요일","08","1103074","3120012","60","WH",54,"*"
"202112","화요일","06","202112","화요일","19","2307064","1108084","30","EW",101,"3.32"
"202101","화요일","22","202101","화요일","00","1104056","1119072","30","HW",28,"6.26"
"202108","화요일","08","202108","화요일","21","3401260","1112060","50","HW",99,"3.13"
"202105","화요일","11","202105","화요일","21","1115053","3104255","60","EW",56,"3.33"
"202011","화요일","14","202011","화요일","14","1115069","1117054","30","EH",70,"19.16"
"202006","화요일","14","202006","화요일","17","1108082","1124079","20","HE",57,"6.5"
"202109","화요일","15","202109","화요일","15","3125011","1101053","40","HW",128,"7.1"
"202011","화요일","07","202011","화요일","18","1123071","1123052","30","HW",82,"15.8"
"202106","화요일","08","202106","화요일","13","1123059","1109072","50","HE",95,"*"
"202107","화요일","06","202107","화요일","16","1107069","3113058","60","EW",69,"9.57"
"202004","화요일","16","202004","화요일","09","1123064","1113075","50","WW",5,"3.28"
"202010","화요일","09","202010","화요일","20","3102166","1121064","20","HE",34,"*"
"202003","화요일","15","202003","화요일","22","1123077","1115052","20","EE",71,"11.93"
"202106","화요일","14","202106","화요일","07","1124080","1123078","20","WE",23,"6.64"
"202007","화요일","19","202007","화요일","17","1118052","1105061","30","WH",119,"3.18"
"202201","화요일","15","202201","화요일","22","1117071","1121069","10","EE",13,"3.3"
"202112","화요일","10","202112","화요일","15","2305053","1112058","20","WH",24,"*"
"202012","화요일","21","202012","화요일","20","1115052","1106091","30","EH",66,"24.12"
"202110","화요일","20","202110","화요일","15","1119055","1114076","20","EH",360,"4.57"
"202105","화요일","11","202105","화요일","10","1124077","1103074","40","EE",129,"3.48"
"202109","화요일","12","202109","화요일","12","2306054","1124077","30","EE",54,"*"
"202107","화요일","12","202107","화요일","20","3104161","1125065","60","WE",62,"4.14"
"202009","화요일","21","202009","화요일","09","1123059","1121080","30","HE",25,"3.33"
"202004","화요일","12","202004","화요일","16","3120056","1122066","60","EE",37,"3.02"
"202007","화요일","23","202007","화요일","15","1102059","1114073","40","HW",44,"*"
"202111","화요일","22","202111","화요일","17","1124080","1121078","30","HW",31,"*"
"202002","화요일","17","202002","화요일","18","1116054","1121079","30","EH",53,"*"
"202102","화요일","19","202102","화요일","20","1122051","1115058","30","EE",146,"3.34"
"202005","화요일","18","202005","화요일","16","1120072","1104073","40","HW",44,"3.83"
"202005","화요일","15","202005","화요일","18","1123064","1125055","30","WH",44,"3.3"
"202003","화요일","04","202003","화요일","20","1112073","1108068","40","WH",12,"9.5"
"202005","화요일","15","202005","화요일","09","1105065","3104152","40","WE",34,"3.28"
"202003","화요일","13","202003","화요일","13","1123075","3123012","20","HH",54,"3.23"
"202201","화요일","15","202201","화요일","18","1123075","1116059","50","HE",46,"8.87"
"202102","화요일","20","202102","화요일","10","1112059","2307057","40","HW",45,"3.16"
"202010","화요일","10","202010","화요일","12","1120056","1120070","40","HE",42,"*"
"202012","화요일","14","202012","화요일","22","1110062","1115051","50","WH",43,"*"
"202006","화요일","14","202006","화요일","17","3113058","1120054","60","EE",24,"3.26"
"202009","화요일","19","202009","화요일","08","1122059","1122052","60","WH",67,"16.4"
"202005","화요일","10","202005","화요일","21","1119054","1119074","50","HE",475,"3.79"
"202105","화요일","15","202105","화요일","14","1107059","1116051","60","HW",90,"*"
"202111","화요일","09","202111","화요일","22","1119054","1110059","30","WH",5,"*"
"202101","화요일","16","202101","화요일","11","1124063","1122051","60","EE",46,"3.01"
"202201","화요일","12","202201","화요일","12","3116051","1113064","10","EE",33,"7.35"
"202109","화요일","20","202109","화요일","12","1104070","1104067","50","EW",28,"*"
"202012","화요일","11","202012","화요일","15","1103066","1121081","20","WH",57,"*"
"202201","화요일","21","202201","화요일","14","1123064","1107052","10","WH",82,"4.76"
"202012","화요일","07","202012","화요일","21","3105051","1112068","20","WW",45,"*"
"202109","화요일","21","202109","화요일","16","1108085","3117056","40","WH",18,"3.29"
"202110","화요일","15","202110","화요일","18","1106089","1122053","30","EE",54,"9.53"
"202006","화요일","14","202006","화요일","19","1102054","1115060","50","HW",79,"*"
"202006","화요일","07","202006","화요일","22","1113062","3105074","20","EH",68,"6.6"
"202012","화요일","18","202012","화요일","19","1116055","1104071","60","EH",302,"3.35"
"202108","화요일","19","202108","화요일","08","1107060","1108065","40","WH",11,"6.54"
"202110","화요일","18","202110","화요일","18","1116051","1116071","80","WH",62,"3.36"
"202011","화요일","13","202011","화요일","09","1111053","1106091","30","EW",57,"*"
"202101","화요일","10","202101","화요일","15","1113076","1104072","30","HW",53,"5.73"
"202002","월요일","09","202002","화요일","23","1119056","1113062","60","EE",67,"6.0"
"202108","화요일","19","202108","화요일","15","1103065","1105063","30","EH",40,"4.08"
"202101","화요일","06","202101","화요일","09","1123077","2305057","30","HW",38,"6.45"
"202110","화요일","11","202110","화요일","20","1115064","1111058","20","WH",22,"4.4"
"202102","화요일","10","202102","화요일","23","1102055","3110158","20","WH",32,"3.14"
"202102","화요일","07","202102","화요일","06","1114074","1119070","20","EH",37,"9.65"
"202112","화요일","14","202112","화요일","13","1101064","1116051","30","HE",20,"4.08"
"202101","화요일","12","202101","화요일","19","1122052","1105053","50","EE",21,"*"
"202008","화요일","20","202008","화요일","00","1123065","1116071","40","EH",16,"4.53"
"202201","화요일","15","202201","화요일","19","1124077","1107060","40","EH",20,"*"
"202002","화요일","17","202002","화요일","19","1120063","1107062","20","EH",40,"3.12"
"202109","화요일","13","202109","화요일","08","1125061","1104065","50","EE",197,"3.26"
"202102","화요일","19","202102","화요일","18","3105069","1123051","40","EE",25,"6.17"
"202008","화요일","07","202008","화요일","09","1107068","1122065","60","HW",48,"11.25"
"202011","화요일","18","202011","화요일","08","1114063","1123075","50","WH",90,"3.3"
"202002","화요일","09","202002","화요일","11","3104164","1125051","40","EH",91,"15.86"
"202007","화요일","18","202007","화요일","08","1122060","1114074","40","EH",22,"11.98"
"202003","화요일","17","202003","화요일","12","1120055","1115051","20","HE",252,"*"
"202101","화요일","15","202101","화요일","19","1119056","1110060","50","HH",23,"*"
"202003","화요일","21","202003","화요일","17","1103073","3102376","60","EH",18,"3.04"
"202010","화요일","07","202010","화요일","16","3113031","1114066","30","HW",87,"*"
"202002","화요일","10","202002","화요일","19","3110169","1119073","40","EW",39,"*"
"202102","화요일","14","202102","화요일","17","1104065","1113064","20","HW",30,"*"
"202005","화요일","08","202005","화요일","22","3111052","3112056","40","EW",34,"*"
"202005","화요일","20","202005","화요일","11","3436013","1108081","30","WH",60,"*"
"202109","화요일","05","202109","화요일","22","1114075","1114072","30","WH",10,"*"
"202104","화요일","14","202104","화요일","20","1116054","1103053","20","WH",14,"3.29"
"202104","화요일","23","202104","화요일","16","3125052","1110064","70","EH",11,"3.13"
"202003","화요일","10","202003","화요일","13","1122064","3101261","40","WH",76,"6.15"
"202012","화요일","22","202012","화요일","14","1123071","1120054","70","EH",162,"3.29"
"202007","화요일","19","202007","화요일","08","2504063","1108063","30","HE",39,"5.97"
"202105","화요일","20","202105","화요일","07","1109064","1123066","30","EH",21,"*"
"202005","화요일","18","202005","화요일","21","1122052","3123012","60","WE",61,"3.28"
"202105","화요일","13","202105","화요일","10","1104066","1104062","20","HW",57,"*"
"202009","화요일","20","202009","화요일","17","1109062","3104160","60","WH",39,"26.86"
"202010","화요일","18","202010","화요일","10","1107057","1120054","20","WH",51,"*"
"202012","화요일","17","202012","화요일","15","1118057","3901031","60","WE",54,"4.82"
"202011","화요일","10","202011","화요일","21","1105059","1102068","80","HW",106,"12.0"
"202102","화요일","11","202102","화요일","11","1121061","1114059","10","HE",12,"3.52"
"202012","화요일","13","202012","화요일","20","1112051","1123072","40","HE",19,"3.01"
"202005","화요일","13","202005","화요일","08","1105063","1124078","70","EW",48,"*"
"202201","화요일","12","202201","화요일","19","1124052","1105057","40","EE",44,"3.01"
"202106","화요일","23","202106","화요일","20","3102168","1122053","30","EE",37,"3.19"
"202007","화요일","17","202007","화요일","17","1111065","1125072","20","HW",19,"9.49"
"202102","화요일","15","202102","화요일","09","1123080","1123059","20","EW",21,"*"
"202012","화요일","12","202012","화요일","10","1114066","1120069","30","EH",40,"3.27"
"202107","화요일","11","202107","화요일","10","1115057","3111052","70","HE",105,"8.16"
"202110","화요일","15","202110","화요일","18","1120065","1102073","40","EW",38,"15.62"
"202008","화요일","09","202008","화요일","16","1123052","1123076","80","WE",56,"*"
"202006","화요일","09","202006","화요일","17","3118065","1103070","40","WE",22,"4.08"
"202104","화요일","12","202104","화요일","05","1118051","1119074","50","EE",84,"3.35"
"202012","화요일","23","202012","화요일","16","1107054","1123058","30","HE",205,"3.03"
"202008","화요일","07","202008","화요일","12","1125072","1108083","40","HE",7,"*"
"202110","화요일","17","202110","화요일","13","1105056","1123078","50","HW",86,"5.99"
"202002","월요일","06","202002","화요일","12","1114076","1120068","60","EW",24,"4.7"
"202008","화요일","10","202008","화요일","18","1124058","1108072","30","EE",16,"*"
"202010","화요일","08","202010","화요일","23","1102055","1112058","20","HE",241,"5.94"
"202004","화요일","10","202004","화요일","08","1124063","1105063","20","WE",8,"21.27"
"202010","화요일","09","202010","화요일","09","1114070","1107062","30","EW",71,"*"
"202102","화요일","17","202102","화요일","16","3117056","1125073","70","EH",121,"17.16"
"202003","화요일","09","202003","화요일","20","1124060","1116059","20","EE",45,"6.7"
"202003","화요일","01","202003","화요일","15","1113072","1104059","40","EE",34,"*"
"202101","화요일","06","202101","화요일","11","3110157","1108085","70","EE",7,"3.27"
"202201","화요일","21","202201","화요일","19","1104066","1105059","10","WH",28,"4.75"
"202103","화요일","21","202103","화요일","01","1105062","1125074","60","EH",87,"36.26"
"202105","화요일","22","202105","화요일","22","1102059","1124082","10","WH",101,"16.12"
"202002","화요일","23","202002","화요일","14","1109073","1124059","20","WE",32,"*"
"202111","화요일","07","202111","화요일","21","3110355","2303059","20","HE",36,"3.53"
"202005","화요일","08","202005","화요일","18","1114068","1107069","40","EE",50,"*"
"202006","화요일","19","202006","화요일","10","3105057","1101064","50","EH",326,"4.56"
"202108","화요일","16","202108","화요일","15","1118051","1114076","40","WH",64,"3.27"
"202010","화요일","10","202010","화요일","18","1124063","1122054","30","HW",63,"4.1"
"202111","화요일","07","202111","화요일","11","3116061","1104067","40","EH",340,"*"
"202003","화요일","08","202003","화요일","21","1125067","1105058","60","HE",27,"3.14"
"202103","화요일","19","202103","화요일","19","1123073","1102052","60","HE",33,"*"
"202002","화요일","17","202002","화요일","16","1107069","1110053","10","EH",67,"3.03"
"202008","화요일","11","202008","화요일","13","1102069","2307055","80","EW",74,"3.29"
"202006","화요일","20","202006","화요일","12","1119069","1123064","20","EE",259,"*"
"202012","화요일","21","202012","화요일","14","1118051","1103070","60","WH",93,"6.6"
"202108","화요일","19","202108","화요일","09","1109072","1124065","40","WW",82,"3.3"
"202008","화요일","19","202008","화요일","05","3501261","1117056","60","HW",157,"*"
"202009","화요일","18","202009","화요일","16","1109062","2308071","30","EH",20,"*"
"202012","화요일","14","202012","화요일","06","1123051","1121069","50","WH",62,"4.68"
"202101","화요일","15","202101","화요일","03","3110459","1114070","50","EE",53,"56.16"
"202201","화요일","15","202201","화요일","20","3120053","2405075","20","HE",101,"6.0"
"202109","화요일","16","202109","화요일","12","3104258","1124066","20","WH",32,"4.09"
"202110","화요일","09","202110","화요일","17","1125053","1122063","40","WH",9,"6.34"
"202011","화요일","17","202011","화요일","11","1101060","1125071","30","HH",109,"*"
"202105","화요일","20","202105","화요일","14","3101155","1109074","20","EE",121,"32.0"
"202201","화요일","14","202201","화요일","11","1124075","1123059","20","WH",24,"*"
"202003","화요일","08","202003","화요일","16","1115051","3121012","30","HW",53,"4.05"
"202002","화요일","12","202002","화요일","14","1122054","1125063","40","HE",42,"*"
"202010","화요일","14","202010","화요일","20","1114077","1110060","70","WH",91,"3.34"
"202003","화요일","07","202003","화요일","11","3110354","1102073","40","HE",402,"3.84"
"202003","화요일","08","202003","화요일","21","1107064","1117062","30","WW",113,"12.21"
"202112","화요일","13","202112","화요일","14","1106087","1101061","40","HE",82,"9.96"
"202112","화요일","13","202112","화요일","12","3118053","3104255","40","HW",56,"4.06"
"202009","화요일","17","202009","화요일","09","2308074","2306052","40","EH",119,"3.13"
"202107","화요일","18","202107","화요일","17","3118055","3112052","40","WH",13,"10.07"
"202101","화요일","19","202101","화요일","14","3112052","2304060","30","EH",201,"*"
"202010","화요일","09","202010","화요일","20","1101064","1125054","20","EH",36,"3.31"
"202005","화요일","16","202005","화요일","16","1109075","2403064","20","WH",131,"5.44"
"202010","화요일","21","202010","화요일","22","1124054","1122060","30","WH",62,"4.69"
"202109","화요일","17","202109","화요일","20","1103073","1122065","50","HE",109,"*"
"202102","화요일","09","202102","화요일","17","1125054","1112072","40","HH",12,"11.16"
"202107","화요일","12","202107","화요일","20","1120053","1120073","40","HW",11,"18.9"
"202105","화요일","17","202105","화요일","12","1122066","1123080","30","HE",43,"3.26"
"202201","화요일","05","202201","화요일","19","1122052","3126052","30","HE",15,"*"
"202011","화요일","09","202011","화요일","21","1119054","1111077","30","WE",70,"*"
"202102","월요일","16","202102","화요일","08","1120068","1114069","30","EH",79,"3.82"
"202110","화요일","19","202110","화요일","15","3201011","1111079","10","WH",17,"4.38"
"202011","화요일","20","202011","화요일","12","1119073","1124065","20","EH",90,"6.02"
"202011","화요일","19","202011","화요일","06","1111074","1124067","20","EE",63,"4.08"
"202012","화요일","07","202012","화요일","10","3106057","3113057","30","WE",28,"7.12"
"202105","화요일","15","202105","화요일","10","3110157","1116064","30","WH",83,"12.03"
"202007","화요일","07","202007","화요일","19","1123075","1123078","60","HH",4,"3.01"
"202101","화요일","15","202101","화요일","22","1125071","1103059","30","EW",126,"3.86"
"202009","화요일","08","202009","화요일","12","1102072","1115070","40","HW",37,"5.08"
"202101","화요일","10","202101","화요일","14","1116054","1121064","40","HE",21,"19.66"
"202005","화요일","15","202005","화요일","18","3124061","3120052","50","EH",66,"*"
"202107","화요일","18","202107","화요일","09","1124064","1102057","10","EE",77,"3.28"
"202108","화요일","14","202108","화요일","07","1114069","3901061","40","WH",244,"4.67"
"202201","화요일","08","202201","화요일","15","1122061","1122051","30","EE",10,"10.88"
"202112","화요일","11","202112","화요일","08","1114074","3102166","40","HW",43,"6.18"
"202003","화요일","10","202003","화요일","14","1124081","3103058","10","HW",24,"6.3"
"202104","화요일","06","202104","화요일","10","1113075","1122068","30","EE",33,"3.44"
"202008","화요일","16","202008","화요일","11","1114069","1120073","30","EH",77,"*"
"202004","화요일","08","202004","화요일","09","1109071","1121081","20","HE",54,"*"
"202112","화요일","19","202112","화요일","15","1120073","1102067","20","WH",42,"5.99"
"202103","화요일","15","202103","화요일","05","3118061","1125074","30","HE",45,"6.34"
"202006","화요일","18","202006","화요일","08","1113062","1106091","70","EW",12,"6.77"
"202101","화요일","21","202101","화요일","18","1124077","1103066","40","WH",33,"3.34"
"202106","화요일","09","202106","화요일","17","1119054","1102059","00","HW",55,"4.06"
"202010","화요일","18","202010","화요일","06","2301064","3110459","50","WH",28,"*"
"202112","화요일","12","202112","화요일","17","1124056","3104256","60","WW",24,"3.55"
"202201","화요일","11","202201","화요일","18","1125053","1105062","40","HE",30,"10.87"
"202111","화요일","06","202111","화요일","18","1124081","1118060","20","WH",29,"3.28"
"202007","화요일","08","202007","화요일","22","1110063","1116066","40","EW",134,"16.16"
"202102","화요일","19","202102","화요일","02","1125066","1101054","30","HH",52,"4.72"
"202011","화요일","05","202011","화요일","21","1109072","3102261","30","EE",143,"3.17"
"202108","화요일","08","202108","화요일","22","3102254","1109060","10","HW",202,"3.26"
"202109","화요일","07","202109","화요일","12","1101061","1106081","60","HW",69,"*"
"202106","화요일","13","202106","화요일","15","3401261","1109075","20","WE",32,"6.58"
"202110","화요일","09","202110","화요일","06","1116067","1108061","20","EE",47,"*"
"202002","화요일","06","202002","화요일","15","3101453","1109064","60","HE",43,"3.27"
"202012","화요일","16","202012","화요일","11","1123076","3113014","30","WH",41,"4.63"
"202003","화요일","00","202003","화요일","14","1124071","1114066","10","EW",28,"3.83"
"202009","화요일","05","202009","화요일","08","1112066","1124060","50","EH",30,"3.53"
"202107","화요일","14","202107","화요일","11","1105064","1112074","20","HE",289,"3.77"
"202002","화요일","13","202002","화요일","15","3106068","1104055","50","EW",56,"3.02"
"202005","화요일","13","202005","화요일","19","1117061","1113076","50","WH",60,"28.21"
"202106","화요일","14","202106","화요일","21","1122052","1123072","20","EH",18,"8.85"
"202108","화요일","12","202108","화요일","14","1124065","1108082","40","EH",52,"4.91"
"202011","화요일","15","202011","화요일","11","1105063","3123053","40","WH",46,"*"
"202012","화요일","12","202012","화요일","16","1106081","1112068","30","EW",12,"3.44"
"202011","화요일","08","202011","화요일","09","1123075","1101063","80","HE",13,"4.8"
"202109","화요일","17","202109","화요일","21","1105056","1110057","60","WH",6,"4.61"
"202103","화요일","20","202103","화요일","04","1116071","1105065","40","EH",69,"9.48"
"202105","화요일","21","202105","화요일","10","1119074","3110158","40","WH",78,"6.29"
"202104","화요일","20","202104","화요일","08","1119054","1109072","60","EH",75,"3.03"
"202108","화요일","12","202108","화요일","11","1121072","1109070","20","WE",78,"6.2"
"202004","화요일","15","202004","화요일","13","1117052","1124058","50","HW",267,"12.89"
"202109","화요일","12","202109","화요일","13","1122066","1114074","20","EE",17,"*"
"202101","화요일","11","202101","화요일","13","1125055","1104055","10","HE",101,"9.64"
"202006","화요일","11","202006","화요일","11","1106072","1119071","30","HE",65,"4.07"
"202007","화요일","22","202007","화요일","11","1103070","1114076","50","EH",7,"*"
"202009","화요일","18","202009","화요일","21","1123078","1104055","40","WH",45,"9.96"
"202112","화요일","15","202112","화요일","06","3304412","1105062","20","WE",39,"3.27"
"202109","화요일","08","202109","화요일","16","1107055","1120071","10","WH",109,"*"
"202008","화요일","18","202008","화요일","17","1101061","1123077","20","EE",40,"*"
"202005","화요일","18","202005","화요일","17","1124080","1102059","60","HE",88,"3.17"
"202102","화요일","07","202102","화요일","18","1120053","1114068","30","EH",42,"3.35"
"202101","화요일","11","202101","화요일","18","1124077","1110064","50","EH",4,"3.28"
"202006","화요일","22","202006","화요일","19","1116074","1109071","50","HW",55,"6.06"
"202103","화요일","14","202103","화요일","18","1116064","1124067","40","EH",24,"13.76"
"202108","화요일","10","202108","화요일","01","1109075","1111069","20","EH",42,"4.06"
"202110","화요일","13","202110","화요일","18","1103053","1112071","40","EH",20,"6.66"
"202201","화요일","18","202201","화요일","10","1109063","1108077","10","HW",56,"6.55"
"202008","화요일","17","202008","화요일","14","1118059","3103052","10","HH",58,"3.26"
"202110","화요일","21","202110","화요일","18","1108072","1125065","60","WH",35,"3.02"
"202012","화요일","12","202012","화요일","19","1114076","1117072","40","WH",19,"5.37"
"202105","화요일","09","202105","화요일","08","3102363","1119054","40","WW",38,"4.09"
"202004","화요일","07","202004","화요일","09","3102368","1106081","40","EE",62,"*"
"202201","화요일","08","202201","화요일","10","1122065","1124080","40","EE",53,"*"
"202006","화요일","12","202006","화요일","18","1122067","1123064","20","EH",417,"8.49"
"202011","화요일","10","202011","화요일","14","1122061","1107069","60","EE",65,"*"
"202004","화요일","13","202004","화요일","19","1110062","3113012","40","WH",19,"3.85"
"202006","화요일","18","202006","화요일","13","1123064","1103059","20","WW",42,"3.18"
"202110","화요일","23","202110","화요일","07","1121080","1114061","30","WH",11,"*"
"202108","화요일","13","202108","화요일","18","1123071","1106091","20","HE",41,"3.14"
"202102","화요일","22","202102","화요일","13","1109070","3113012","40","HW",19,"*"
"202003","화요일","09","202003","화요일","12","1112068","1122053","60","WH",20,"6.26"
"202009","화요일","09","202009","화요일","05","1109074","1101067","10","WE",52,"261.22"
"202108","화요일","14","202108","화요일","19","1113071","1123064","40","WE",5,"5.72"
"202003","화요일","12","202003","화요일","17","1124061","1122068","50","HW",8,"3.82"
"202103","화요일","18","202103","화요일","16","1113068","1116071","20","EE",12,"3.52"
"202109","화요일","12","202109","화요일","06","1110060","1112056","40","WH",93,"3.2"
"202108","화요일","22","202108","화요일","16","1117055","1111074","20","HE",2,"3.27"
"202105","화요일","20","202105","화요일","22","1122051","1112051","20","WH",56,"18.85"
"202011","화요일","16","202011","화요일","05","1121072","1122054","60","HW",76,"3.32"
"202112","화요일","16","202112","화요일","16","1119054","1124077","30","EE",54,"*"
"202012","화요일","20","202012","화요일","13","1123078","1123059","20","WW",41,"3.31"
"202110","화요일","08","202110","화요일","17","3108053","3124052","20","EW",64,"4.84"
"202003","화요일","10","202003","화요일","22","3113054","2305059","40","HH",153,"5.69"
"202002","화요일","18","202002","화요일","12","1104056","1114066","30","WH",42,"4.46"
"202102","화요일","07","202102","화요일","10","3119254","1122057","80","WH",24,"3.3"
"202106","화요일","09","202106","화요일","06","3112051","1105053","20","WH",122,"3.04"
"202008","화요일","17","202008","화요일","13","1101054","1102057","50","EH",19,"3.17"
"202004","화요일","14","202004","화요일","15","1123078","1102052","30","HE",33,"9.9"
"202112","화요일","14","202112","화요일","13","3123060","1117067","50","HW",29,"3.34"
"202112","화요일","14","202112","화요일","18","1111053","1113074","40","WH",61,"3.33"
"202007","화요일","12","202007","화요일","17","1108066","1125074","50","HE",88,"3.01"
"202105","화요일","22","202105","화요일","14","1118060","1110063","30","HW",70,"24.58"
"202009","화요일","19","202009","화요일","19","1122054","1116064","30","WE",30,"3.29"
"202005","화요일","05","202005","화요일","17","3101253","1105067","30","HW",10,"3.05"
"202102","화요일","16","202102","화요일","11","1117071","1122058","60","WE",65,"4.08"
"202111","화요일","21","202111","화요일","19","1120052","1123077","40","EH",15,"*"
"202101","화요일","01","202101","화요일","11","2631039","1109071","20","HW",44,"4.68"
"202103","화요일","00","202103","화요일","21","1105063","1114069","60","HE",56,"4.1"
"202201","화요일","19","202201","화요일","20","1101053","1124061","50","EH",175,"*"
"202004","화요일","11","202004","화요일","22","1123080","3118064","10","HW",15,"4.07"
"202108","화요일","10","202108","화요일","01","1123059","1124064","20","EW",13,"3.16"
"202007","화요일","10","202007","화요일","14","1106071","1114078","50","EH",162,"4.8"
"202105","화요일","18","202105","화요일","22","1111056","1114074","40","HE",44,"*"
"202101","화요일","18","202101","화요일","15","1123078","1109073","40","HW",9,"*"
"202110","화요일","17","202110","화요일","22","1123077","1122052","30","HW",50,"5.4"
"202201","화요일","11","202201","화요일","18","3118053","1123078","20","EW",52,"3.02"
"202201","화요일","07","202201","화요일","13","1114076","1121082","50","EE",84,"*"
"202007","화요일","08","202007","화요일","19","1123059","3115052","40","WH",54,"3.18"
"202006","화요일","06","202006","화요일","17","3116062","1106088","10","WH",10,"11.13"
"202007","화요일","20","202007","화요일","12","1119069","1123072","30","HW",133,"3.27"
"202008","화요일","16","202008","화요일","09","1106084","1123051","40","HH",60,"3.54"
"202011","화요일","18","202011","화요일","12","1104071","1122066","30","HW",192,"*"
"202106","화요일","13","202106","화요일","15","3112052","1120056","60","HE",28,"4.65"
"202011","화요일","19","202011","화요일","21","1124082","1118051","30","HE",44,"6.43"
"202110","화요일","20","202110","화요일","10","1108077","1110055","50","HW",19,"19.02"
"202002","화요일","06","202002","화요일","21","1123060","1119076","30","HE",57,"3.17"
"202012","화요일","08","202012","화요일","21","1111066","3201038","40","HH",103,"8.78"
"202006","화요일","22","202006","화요일","15","1123078","1105060","20","EH",34,"3.18"
"202105","화요일","20","202105","화요일","13","1113074","3119254","50","WE",26,"5.73"
"202007","화요일","22","202007","화요일","17","1108060","1122053","30","HE",24,"*"
"202012","화요일","10","202012","화요일","19","1113062","1118057","70","HE",80,"3.18"
"202105","화요일","16","202105","화요일","14","1109072","1122053","10","EE",3,"*"
"202105","화요일","17","202105","화요일","17","1106082","1105057","50","WH",49,"5.16"
"202108","화요일","17","202108","화요일","17","1124067","3118064","20","HW",14,"3.3"
"202111","화요일","18","202111","화요일","14","3103051","1113069","20","EH",59,"9.03"
"202008","화요일","15","202008","화요일","16","1108078","1118051","30","EH",37,"*"
"202008","화요일","22","202008","화요일","18","1123067","1121080","50","HE",46,"9.61"
"202103","화요일","05","202103","화요일","16","1106084","1113062","20","WH",73,"4.08"
"202110","화요일","18","202110","화요일","22","1125056","1116065","30","WH",236,"3.12"
"202005","화요일","15","202005","화요일","19","1118057","1102060","20","HE",46,"3.3"
"202005","화요일","10","202005","화요일","19","3102358","1111078","20","EE",132,"3.01"
"202112","화요일","08","202112","화요일","16","1122054","1107073","50","WH",66,"*"
"202002","화요일","01","202002","화요일","13","1108071","1106091","20","HE",36,"*"
"202002","화요일","14","202002","화요일","20","1116051","2306068","70","HW",31,"*"
"202011","화요일","15","202011","화요일","22","1121073","3106067","10","EE",36,"7.7"
"202110","화요일","12","202110","화요일","11","1104069","3120058","70","HE",99,"4.76"
"202201","화요일","18","202201","화요일","02","1124079","1108071","30","EH",25,"3.37"
"202010","화요일","15","202010","화요일","14","1124080","1102071","60","HW",4,"*"
"202103","화요일","09","202103","화요일","11","1117067","1124067","40","WH",29,"4.05"
"202105","화요일","05","202105","화요일","14","3116051","1108083","40","EH",134,"4.66"
"202111","화요일","08","202111","화요일","19","1125058","1123064","30","HE",80,"4.1"
"202201","화요일","09","202201","화요일","12","1117061","1124081","40","EE",152,"6.58"
"202004","화요일","14","202004","화요일","21","1114069","1124061","30","EH",38,"*"
"202005","화요일","17","202005","화요일","20","1109070","1120063","50","WE",52,"*"
"202009","화요일","16","202009","화요일","09","1114059","1122056","20","EE",15,"4.65"
"202201","화요일","15","202201","화요일","12","1117052","3401211","60","EW",54,"10.73"
"202003","화요일","18","202003","화요일","19","1123060","3110159","40","WH",41,"3.33"
"202111","화요일","20","202111","화요일","19","2109053","1104068","50","EH",314,"3.55"
"202111","화요일","16","202111","화요일","15","1103071","1104071","30","EH",48,"4.59"
"202007","화요일","11","202007","화요일","21","1120070","1120072","50","HW",143,"*"
"202008","화요일","21","202008","화요일","19","1122066","1120052","50","EH",77,"14.04"
"202009","화요일","08","202009","화요일","12","2307061","1124081","60","WH",67,"3.84"
"202003","화요일","02","202003","화요일","03","1123059","3113011","10","WH",150,"*"
"202003","월요일","03","202003","화요일","13","2308077","1116061","40","HW",13,"5.98"
"202109","화요일","20","202109","화요일","13","1105061","1122053","50","WH",74,"4.66"
"202005","화요일","13","202005","화요일","21","1110059","1116070","50","EH",26,"*"
"202104","화요일","22","202104","화요일","07","1101053","1119054","60","EW",13,"14.49"
"202103","화요일","21","202103","화요일","09","3123053","1113072","30","EW",46,"38.68"
"202107","화요일","18","202107","화요일","09","1122061","1118058","60","HE",15,"*"
"202107","화요일","20","202107","화요일","20","1121079","1111077","50","EE",18,"3.16"
"202110","화요일","11","202110","화요일","03","3124015","1109072","50","HW",6,"7.84"
"202009","화요일","13","202009","화요일","09","1114071","1123077","80","HE",43,"50.29"
"202201","화요일","16","202201","화요일","22","1109061","1102071","20","WH",97,"3.28"
"202010","화요일","04","202010","화요일","18","1113062","1124077","30","HW",20,"*"
"202006","화요일","08","202006","화요일","16","1105063","1125055","50","HW",46,"*"
"202009","화요일","20","202009","화요일","20","1109065","1124056","10","WH",3,"3.53"
"202103","화요일","05","202103","화요일","18","1111058","1103063","20","WE",12,"16.23"
"202003","화요일","18","202003","화요일","22","1121057","1114073","60","EE",27,"3.31"
"202110","화요일","19","202110","화요일","18","3102353","3115056","60","WH",40,"11.38"
"202007","화요일","16","202007","화요일","22","1105062","2305052","60","EH",43,"*"
"202103","화요일","17","202103","화요일","16","1111051","1120072","30","WH",32,"6.52"
"202102","화요일","15","202102","화요일","15","1107070","1114075","60","HH",79,"6.0"
"202109","화요일","03","202109","화요일","16","1108059","1111077","10","EW",65,"6.43"
"202104","화요일","08","202104","화요일","15","1104068","3102257","30","WH",70,"*"
"202012","화요일","13","202012","화요일","21","1125073","1108084","10","WE",49,"38.42"
"202110","화요일","19","202110","화요일","21","1119054","3112056","30","EH",7,"*"
"202102","화요일","23","202102","화요일","08","1103071","1109060","40","HW",24,"3.51"
"202012","화요일","13","202012","화요일","19","1119074","1122052","30","WE",44,"3.3"
"202012","화요일","23","202012","화요일","17","3120035","1120072","50","WH",31,"7.26"
"202109","화요일","14","202109","화요일","15","1110051","1109063","30","HW",47,"3.14"
"202111","화요일","04","202111","화요일","19","1117070","1105066","50","EH",61,"8.77"
"202106","화요일","21","202106","화요일","22","1112058","1124071","30","EH",89,"3.3"
"202112","월요일","03","202112","화요일","10","3123062","1103073","20","EH",143,"3.29"
"202012","화요일","05","202012","화요일","15","1121078","1123079","20","HW",46,"22.07"
"202112","화요일","05","202112","화요일","19","3102156","1121061","40","EW",45,"4.05"
"202101","화요일","12","202101","화요일","10","1105065","1122063","30","WH",95,"3.29"
"202006","화요일","09","202006","화요일","13","1115064","3104256","60","HE",61,"6.9"
"202009","화요일","20","202009","화요일","19","3110151","1116057","40","EH",23,"10.82"
"202011","화요일","14","202011","화요일","21","3116052","1110057","50","HE",15,"3.29"
"202201","화요일","18","202201","화요일","19","1119076","1122066","50","HE",466,"*"
"202011","화요일","11","202011","화요일","11","1104071","1101073","40","EH",41,"4.09"
"202010","화요일","05","202010","화요일","19","1120053","1108085","20","EH",106,"*"
"202006","화요일","13","202006","화요일","23","1123059","1123066","30","EH",85,"16.82"
"202107","화요일","08","202107","화요일","13","1114066","1121065","60","EE",40,"*"
"202010","화요일","14","202010","화요일","16","3126052","1124078","60","WE",103,"6.53"
"202111","화요일","08","202111","화요일","16","1122065","1112055","20","EH",37,"3.54"
"202005","화요일","21","202005","화요일","14","1123064","1115062","10","WH",55,"*"
"202009","화요일","08","202009","화요일","01","1122054","1107072","70","HW",53,"*"
"202012","화요일","11","202012","화요일","12","1113070","1117071","40","EH",17,"*"
"202004","화요일","17","202004","화요일","21","1124061","3113014","40","WW",88,"*"
"202108","화요일","11","202108","화요일","18","3119257","1123059","60","EH",16,"3.18"
"202009","화요일","16","202009","화요일","16","1106071","1125054","50","HW",23,"3.36"
"202011","화요일","08","202011","화요일","16","1105056","1125067","60","WE",45,"4.72"
"202112","화요일","16","202112","화요일","18","1121058","1121057","60","HE",225,"3.11"
"202104","화요일","11","202104","화요일","22","1119065","1125055","20","WH",78,"5.73"
"202004","월요일","09","202004","화요일","22","3111056","1105063","60","EH",60,"3.3"
"202111","화요일","16","202111","화요일","09","1117054","3105051","60","EH",12,"9.41"
"202007","화요일","13","202007","화요일","13","3126056","3123056","50","WE",36,"9.48"
"202011","화요일","19","202011","화요일","23","1112056","1111076","20","HW",86,"3.85"
"202009","화요일","05","202009","화요일","13","1114066","1101061","30","WH",57,"3.57"
