영업상태코드,개방자치단체코드,지번주소,좌표정보(X),좌표정보(Y),사업장명,행정구역
1,3090000,서울특별시 도봉구 방학동 707-6,203799.8653,462533.4302,CGV 방학 4관,도봉구
1,3090000,서울특별시 도봉구 방학동 707-6,203799.8653,462533.4302,CGV 방학 6관,도봉구
1,3090000,서울특별시 도봉구 방학동 707-6,203799.8653,462533.4302,CGV 방학 5관,도봉구
1,3090000,서울특별시 도봉구 방학동 707-6,203799.8653,462533.4302,CGV 방학 4DX관,도봉구
1,3090000,서울특별시 도봉구 방학동 707-6,203799.8653,462533.4302,CGV 방학 2관,도봉구
1,3090000,서울특별시 도봉구 방학동 707-6,203799.8653,462533.4302,CGV 방학 7관,도봉구
1,3090000,서울특별시 도봉구 방학동 707-6,203799.8653,462533.4302,CGV 방학 3관,도봉구
1,3100000,서울특별시 노원구 상계동 1132-35 3층~9층,204839.9779,463796.3812,롯데시네마 노원수락산역 제5관,노원구
1,3100000,서울특별시 노원구 상계동 1132-35 3층~9층,204839.9779,463796.3812,롯데시네마 노원수락산역 제4관,노원구
1,3100000,서울특별시 노원구 상계동 1132-35 3층~9층,204839.9779,463796.3812,롯데시네마 노원수락산역 제3관,노원구
1,3140000,서울특별시 양천구 목동 917-6 행복한세상백화점 7층,188977.1711,447466.355,메가박스중앙(주) 목동지점 COMFORT 2관,양천구
1,3140000,서울특별시 양천구 목동 917-6 행복한세상백화점 7층,188977.1711,447466.355,메가박스중앙(주) 목동지점 COMFORT 5관,양천구
1,3140000,서울특별시 양천구 목동 917-6 행복한세상백화점 7층,188977.1711,447466.355,메가박스중앙(주) 목동지점 COMFORT 6관,양천구
1,3130000,서울특별시 마포구 성산동 515 월드컵쇼핑몰내 1층,191010.381,451972.154,메가박스중앙(주) 상암월드컵경기장지점 3관,마포구
1,3130000,서울특별시 마포구 성산동 515 월드컵쇼핑몰내 1층,191010.381,451972.154,메가박스중앙(주) 상암월드컵경기장지점 4관,마포구
1,3220000,서울특별시 강남구 삼성동 159,205130.5917,445590.0968,코엑스 컴포트 5관,강남구
1,3020000,서울특별시 용산구 한강로3가 40-999,196762.0774,447480.0396,씨지브이 용산아이파크몰 제7관,용산구
1,3130000,서울특별시 마포구 성산동 515 월드컵쇼핑몰내 1층,191010.381,451972.154,메가박스중앙(주) 상암월드컵경기장지점 6관,마포구
1,3130000,서울특별시 마포구 성산동 515 월드컵쇼핑몰내 1층,191010.381,451972.154,메가박스중앙(주) 상암월드컵경기장지점 MX관,마포구
1,3130000,서울특별시 마포구 성산동 515 월드컵쇼핑몰내 1층,191010.381,451972.154,메가박스중앙(주) 상암월드컵경기장지점 8관,마포구
1,3130000,서울특별시 마포구 성산동 515 월드컵쇼핑몰내 1층,191010.381,451972.154,메가박스중앙(주) 상암월드컵경기장지점 9관,마포구
1,3130000,서울특별시 마포구 성산동 515 월드컵쇼핑몰내 1층,191010.381,451972.154,메가박스중앙(주) 상암월드컵경기장지점 컴포트1관,마포구
1,3130000,서울특별시 마포구 성산동 515 월드컵쇼핑몰내 1층,191010.381,451972.154,메가박스중앙(주) 상암월드컵경기장지점 7관,마포구
1,3020000,서울특별시 용산구 한강로3가 40-999,196762.0774,447480.0396,씨지브이 용산아이파크몰 제4관,용산구
1,3100000,서울특별시 노원구 상계동 1132-35 3층~9층,204839.9779,463796.3812,롯데시네마 노원수락산역 제1관,노원구
1,3130000,서울특별시 마포구 성산동 515 월드컵쇼핑몰내 1층,191010.381,451972.154,메가박스중앙(주) 상암월드컵경기장지점 5관,마포구
1,3100000,서울특별시 노원구 상계동 1132-35 3층~9층,204839.9779,463796.3812,롯데시네마 노원수락산역 제2관,노원구
1,3100000,서울특별시 노원구 중계동 509-2 홈플러스,205985.9533,459730.4378,CGV 중계 제6관,노원구
1,3100000,서울특별시 노원구 중계동 509-2 홈플러스,205985.9533,459730.4378,CGV 중계 제5관,노원구
1,3100000,서울특별시 노원구 상계동 713,205320.2848,461419.8818,롯데시네마 노원(제7관),노원구
1,3100000,서울특별시 노원구 중계동 509-2 홈플러스,205985.9533,459730.4378,CGV 중계 제4관,노원구
1,3100000,서울특별시 노원구 상계동 713,205320.2848,461419.8818,롯데시네마 노원(제2관),노원구
1,3100000,서울특별시 노원구 상계동 713,205320.2848,461419.8818,롯데시네마 노원(제10관),노원구
1,3100000,서울특별시 노원구 중계동 509-2 홈플러스,205985.9533,459730.4378,CGV 중계 제3관,노원구
1,3100000,서울특별시 노원구 상계동 713,205320.2848,461419.8818,롯데시네마 노원(제4관),노원구
1,3100000,서울특별시 노원구 상계동 713,205320.2848,461419.8818,롯데시네마 노원(제5관),노원구
1,3100000,서울특별시 노원구 상계동 713,205320.2848,461419.8818,롯데시네마 노원(제8관),노원구
1,3100000,서울특별시 노원구 상계동 713,205320.2848,461419.8818,롯데시네마 노원(제6관 아르떼),노원구
1,3100000,서울특별시 노원구 상계동 713,205320.2848,461419.8818,롯데시네마 노원(제9관),노원구
1,3100000,서울특별시 노원구 중계동 509-2 홈플러스,205985.9533,459730.4378,CGV 중계 제2관,노원구
1,3100000,서울특별시 노원구 상계동 713,205320.2848,461419.8818,롯데시네마 노원(제3관),노원구
1,3100000,서울특별시 노원구 중계동 509-2 홈플러스,205985.9533,459730.4378,CGV 중계 제1관,노원구
1,3100000,서울특별시 노원구 중계동 509-2 홈플러스,205985.9533,459730.4378,CGV 중계 제7관,노원구
1,3200000,서울특별시 관악구 신림동 1641-2 14층,193754.4274,442407.2012,롯데시네마 신림 제6관,관악구
1,3120000,서울특별시 서대문구 대신동 85 외 6필지 하니솔빌딩 A동 지하1층,195028.4006,451317.9095,필름포럼 1관,서대문구
1,3120000,서울특별시 서대문구 대신동 85 하늬솔빌딩,195028.4006,451317.9095,필름포럼 2관,서대문구
1,3200000,서울특별시 관악구 봉천동 862-1 12층,195703.0437,442094.0858,롯데시네마 서울대입구제3관,관악구
1,3200000,서울특별시 관악구 봉천동 862-1 12층,195703.0437,442094.0858,롯데시네마 서울대입구제4관,관악구
1,3190000,서울특별시 동작구 신대방동 686-48 동작 협성휴포레 시그니처,191555.3544,442679.2088,롯데시네마 신대방 3관,동작구
1,3190000,서울특별시 동작구 신대방동 686-48 동작 협성휴포레 시그니처,191555.3544,442679.2088,롯데시네마 신대방 1관,동작구
1,3200000,서울특별시 관악구 봉천동 862-1 12층,195703.0437,442094.0858,롯데시네마 서울대입구제5관,관악구
1,3190000,서울특별시 동작구 신대방동 686-48 동작 협성휴포레 시그니처,191555.3544,442679.2088,롯데시네마 신대방 2관,동작구
1,3190000,서울특별시 동작구 신대방동 686-48 동작 협성휴포레 시그니처,191555.3544,442679.2088,롯데시네마 신대방 6관,동작구
1,3190000,서울특별시 동작구 신대방동 686-48 동작 협성휴포레 시그니처,191555.3544,442679.2088,롯데시네마 신대방 4관,동작구
1,3200000,서울특별시 관악구 봉천동 862-1 12층,195703.0437,442094.0858,롯데시네마 서울대입구제2관,관악구
1,3190000,서울특별시 동작구 신대방동 686-48 동작 협성휴포레 시그니처,191555.3544,442679.2088,롯데시네마 신대방 5관,동작구
1,3010000,서울특별시 중구 충무로2가 65-9,198636.2504,451005.7216,CGV 명동역 씨네라이브러리 4관,중구
1,3010000,서울특별시 중구 충무로2가 65-9,198636.2504,451005.7216,CGV명동역 씨네라이브러리 3관,중구
1,3010000,서울특별시 중구 충무로2가 65-9,198636.2504,451005.7216,CGV 명동역 씨네라이브러리 5관,중구
1,3200000,서울특별시 관악구 봉천동 862-1 12층,195703.0437,442094.0858,롯데시네마 서울대입구1관,관악구
1,3180000,서울특별시 영등포구 영등포동 618-496 외 12필지,191741.3458,445970.3076,롯데시네마 영등포 5관,영등포구
1,3180000,서울특별시 영등포구 영등포동 618-496 외 12필지,191741.3458,445970.3076,롯데시네마 영등포 6관,영등포구
1,3180000,서울특별시 영등포구 영등포동 618-496 외 12필지,191741.3458,445970.3076,롯데시네마 영등포 7관,영등포구
1,3180000,서울특별시 영등포구 영등포동 618-496 외 12필지,191741.3458,445970.3076,롯데시네마 영등포 1관,영등포구
1,3180000,서울특별시 영등포구 영등포동 618-496 외 12필지,191741.3458,445970.3076,롯데시네마 영등포 4관,영등포구
1,3180000,서울특별시 영등포구 영등포동 618-496 외 12필지,191741.3458,445970.3076,롯데시네마 영등포 2관,영등포구
1,3180000,서울특별시 영등포구 영등포동 618-496 외 12필지,191741.3458,445970.3076,롯데시네마 영등포 3관,영등포구
1,3180000,서울특별시 영등포구 여의도동 23,193326.931,446973.9146,CGV여의도 5관 [CGV아트하우스],영등포구
1,3180000,서울특별시 영등포구 여의도동 23,193326.931,446973.9146,CGV여의도 6관,영등포구
1,3180000,서울특별시 영등포구 여의도동 23,193326.931,446973.9146,CGV여의도 4관[COMFORT SEAT],영등포구
1,3180000,서울특별시 영등포구 여의도동 23,193326.931,446973.9146,CGV여의도 3관(VeatBox관),영등포구
1,3180000,서울특별시 영등포구 여의도동 23,193326.931,446973.9146,CGV여의도 2관,영등포구
1,3180000,서울특별시 영등포구 여의도동 23,193326.931,446973.9146,CGV여의도 1관,영등포구
1,3180000,서울특별시 영등포구 여의도동 23 IFC,193326.931,446973.9146,CGV여의도 7관(TEMPUR CINEMA관),영등포구
1,3180000,서울특별시 영등포구 여의도동 23,193326.931,446973.9146,CGV여의도 9관,영등포구
1,3180000,서울특별시 영등포구 여의도동 23,193326.931,446973.9146,CGV여의도 8관[COMFORT SEAT],영등포구
1,3060000,서울특별시 중랑구 묵동 234-1 ,206641.2692,456981.0858,롯데시네마 중랑관 3관,중랑구
1,3060000,서울특별시 중랑구 묵동 234-1 ,206641.2692,456981.0858,롯데시네마 중랑관 4관,중랑구
1,3000000,서울특별시 마포구 동교동 166-14 동교동 스타피카소 ,193282.1308,450549.2802,독립영화전용관 인디스페이스,마포구
1,3000000,서울특별시 종로구 낙원동 284-6번지 ,198852.9597,452253.9426,허리우드클래식,종로구
1,3000000,서울특별시 종로구 신문로1가 226 흥국생명빌딩,197482.2053,451938.3079,씨네큐브광화문 2관,종로구
1,3000000,서울특별시 종로구 신문로1가 226 흥국생명빌딩,197482.2053,451938.3079,씨네큐브광화문 1관,종로구
1,3000000,서울특별시 종로구 낙원동 284-6번지 ,198852.9597,452253.9426,낭만극장,종로구
1,3000000,서울특별시 종로구 신문로2가 1-181번지 ,197193.7713,452199.4288,에무 시네마 1관,종로구
1,3000000,서울특별시 종로구 신문로2가 1-181번지 복합문화공간 에무 3층 ,197193.7713,452199.4288,에무 시네마 2관,종로구
1,3000000,서울특별시 종로구 명륜2가 41-9 지하3층 ,199916.8335,453462.4209,CGV 대학로 1관,종로구
1,3000000,서울특별시 종로구 명륜2가 41-9 지하3층 ,199916.8335,453462.4209,CGV 대학로 2관,종로구
1,3000000,서울특별시 종로구 명륜2가 41-9 지하1층 ,199916.8335,453462.4209,CGV 대학로 5관,종로구
1,3000000,서울특별시 종로구 명륜2가 41-9 지하2층 ,199916.8335,453462.4209,CGV 대학로 3관,종로구
1,3000000,서울특별시 종로구 명륜2가 41-9 지하2층 ,199916.8335,453462.4209,CGV 대학로 4관,종로구
1,3010000,서울특별시 중구 초동 41번지 ,,,스카라극장,중구
1,3000000,서울특별시 종로구 명륜2가 41-9 3층 ,199916.8335,453462.4209,CGV 대학로 7관,종로구
1,3000000,서울특별시 종로구 명륜2가 41-9 4층 ,199916.8335,453462.4209,CGV 대학로 8관,종로구
1,3000000,서울특별시 종로구 돈의동 137 지하2층 ,199155.5427,452083.1231,CGV피카디리1958 1관,종로구
1,3000000,서울특별시 종로구 돈의동 137 지하2층 ,199155.5427,452083.1231,CGV피카디리1958 2관,종로구
1,3000000,서울특별시 종로구 명륜2가 41-9 대학로CGV 2층,199916.8335,453462.4209,CGV 대학로 6관,종로구
1,3000000,서울특별시 종로구 돈의동 137 지하2층 ,199155.5427,452083.1231,CGV피카디리1958 3관,종로구
1,3000000,서울특별시 종로구 돈의동 137 지하4층 ,199155.5427,452083.1231,CGV피카디리1958 4관,종로구
1,3000000,서울특별시 종로구 돈의동 137 지하4층 ,199155.5427,452083.1231,CGV피카디리1958 5관,종로구
1,3000000,서울특별시 종로구 돈의동 137 지하4층 ,199155.5427,452083.1231,CGV피카디리1958 6관,종로구
1,3010000,서울특별시 중구 충무로4가 125-18 ,199532.8921,451004.6367,대한극장(6관),중구
1,3010000,서울특별시 중구 충무로4가 125-18 ,199532.8921,451004.6367,대한극장(7관),중구
1,3010000,서울특별시 중구 충무로4가 125-18 ,199532.8921,451004.6367,대한극장(8관),중구
1,3010000,서울특별시 중구 초동 18-5번지 ,199332.2989,451378.468,명보 <<125관>>,중구
1,3010000,서울특별시 중구 충정로1가 68번지 ,197164.2265,451647.6741,청춘극장,중구
1,3010000,서울특별시 중구 을지로6가 17-2 현대시티타워 ,200613.5103,451817.5154,CGV 동대문 제1관,중구
1,3010000,서울특별시 중구 을지로6가 18-21 굿모닝시티 ,200573.6413,451621.0365,메가박스중앙(주) 동대문점 COMFORT 1관,중구
1,3010000,서울특별시 중구 을지로6가 18-21 굿모닝시티 ,200573.6413,451621.0365,메가박스중앙(주) 동대문점 2관,중구
1,3010000,서울특별시 중구 을지로6가 18-21 굿모닝시티 ,200573.6413,451621.0365,메가박스중앙(주) 동대문점 3관,중구
1,3010000,서울특별시 중구 을지로6가 18-21 굿모닝시티 ,200573.6413,451621.0365,메가박스중앙(주) 동대문점 4관,중구
1,3010000,서울특별시 중구 을지로6가 18-21 굿모닝시티 ,200573.6413,451621.0365,메가박스중앙(주) 동대문점 5관,중구
1,3060000,서울특별시 중랑구 묵동 234-1 ,206641.2692,456981.0858,롯데시네마 중랑관 5관,중랑구
1,3010000,서울특별시 중구 을지로6가 18-21 굿모닝시티 ,200573.6413,451621.0365,메가박스중앙(주) 동대문점 6관,중구
1,3010000,서울특별시 중구 을지로6가 18-21 굿모닝시티 ,200573.6413,451621.0365,메가박스중앙(주) 동대문점 7관,중구
1,3010000,서울특별시 중구 충무로2가 65-9번지 ,198636.2504,451005.7216,인사이드시네마,중구
1,3010000,서울특별시 중구 충무로2가 65-9 ,198636.2504,451005.7216,CGV명동역 씨네라이브러리 ART 1관,중구
1,3010000,서울특별시 중구 필동2가 19-1 ,199519.6498,450977.2505,대한극장(4관),중구
1,3010000,서울특별시 중구 을지로6가 18-21 굿모닝시티 ,200573.6413,451621.0365,메가박스중앙(주) 동대문점 8관,중구
1,3010000,서울특별시 중구 봉래동2가 122번지 서울역 ,197243.2153,450655.1042,KTX시네마,중구
1,3010000,서울특별시 중구 정동 22 경향신문사,197279.3284,451765.4265,서울아트시네마,중구
1,3010000,서울특별시 중구 을지로6가 17-2 현대시티타워 ,200613.5103,451817.5154,CGV 동대문 제4관,중구
1,3010000,서울특별시 중구 을지로6가 17-2 현대시티타워 ,200613.5103,451817.5154,CGV 동대문 제5관,중구
1,3010000,서울특별시 중구 을지로6가 17-2 현대시티타워 ,200613.5103,451817.5154,CGV 동대문 제6관,중구
1,3010000,서울특별시 중구 을지로6가 17-2 현대시티타워 ,200613.5103,451817.5154,CGV 동대문 제2관,중구
1,3010000,서울특별시 중구 을지로6가 17-2 현대시티타워 ,200613.5103,451817.5154,CGV 동대문 제3관,중구
1,3010000,서울특별시 중구 충무로2가 65-9번지 ,198636.2504,451005.7216,인사이드시네마,중구
1,3010000,서울특별시 중구 충무로4가 125-18 ,199532.8921,451004.6367,대한극장(3관),중구
1,3010000,서울특별시 중구 충무로4가 125-18 ,199532.8921,451004.6367,대한극장(5관),중구
1,3010000,서울특별시 중구 충무로4가 125-18 ,199532.8921,451004.6367,대한극장(10관),중구
1,3010000,서울특별시 중구 명동2가 83-5 아바타빌딩 8층 ,198418.7417,451237.1686,CGV 명동 3관,중구
1,3010000,서울특별시 중구 명동2가 83-5 아바타빌딩 8층 ,198418.7417,451237.1686,CGV 명동 4관,중구
1,3010000,서울특별시 중구 장충동2가 201-6번지 ,200154.6929,449919.6278,씨너스 이오이(EOE)4 남산자동차극장,중구
1,3010000,서울특별시 중구 필동2가 19-1 ,199519.6498,450977.2505,대한극장(9관),중구
1,3010000,서울특별시 중구 충무로1가 24-23번지 캣츠빌딩 ,198527.0993,450998.0734,씨큐엔(CQN)명동1관,중구
1,3010000,서울특별시 중구 명동2가 83-5 아바타빌딩 8층 ,198418.7417,451237.1686,CGV 명동 5관,중구
1,3010000,서울특별시 중구 충무로4가 125-18 ,199532.8921,451004.6367,대한극장(2관),중구
1,3010000,서울특별시 중구 충무로4가 125-18 ,199532.8921,451004.6367,대한극장(11관),중구
1,3010000,서울특별시 중구 남대문로2가 130 ,198333.4709,451313.4129,롯데시네마 에비뉴엘5 <2관>,중구
1,3010000,서울특별시 중구 남대문로2가 130 ,198333.4709,451313.4129,롯데시네마 에비뉴엘5 <3관>,중구
1,3010000,서울특별시 중구 남대문로2가 130 ,198333.4709,451313.4129,롯데시네마 에비뉴엘5 <5관>,중구
1,3010000,서울특별시 중구 남대문로2가 130 ,198333.4709,451313.4129,롯데시네마 에비뉴엘5 <1관>,중구
1,3010000,서울특별시 중구 충무로4가 131-6번지 ,199498.592,451071.935,극동극장,중구
1,3010000,서울특별시 중구 충무로1가 24-23번지 캣츠빌딩 ,198527.0993,450998.0734,씨큐엔(CQN)명동2관,중구
1,3060000,서울특별시 중랑구 묵동 234-1 ,206641.2692,456981.0858,롯데시네마 중랑관 6관,중랑구
1,3010000,서울특별시 중구 충무로1가 24-23번지 캣츠빌딩 ,198527.0993,450998.0734,씨큐엔(CQN)명동3관,중구
1,3010000,서울특별시 중구 충무로1가 24-23번지 캣츠빌딩 ,198527.0993,450998.0734,씨큐엔(CQN)명동4관,중구
1,3010000,서울특별시 중구 충무로1가 24-23번지 캣츠빌딩 ,198527.0993,450998.0734,씨큐엔(CQN)명동5관,중구
1,3010000,서울특별시 중구 필동2가 19-1 ,199519.6498,450977.2505,대한극장(1관),중구
1,3010000,서울특별시 중구 남대문로2가 130 ,198333.4709,451313.4129,롯데시네마 에비뉴엘5 샤롯데,중구
1,3010000,서울특별시 중구 충무로2가 65-9 ,198636.2504,451005.7216,CGV명동역 씨네라이브러리 ART 2관,중구
1,3010000,서울특별시 중구 초동 19-4번지 초동빌딩3층 ,199267.1079,451366.7791,시네아스트극장,중구
1,3010000,서울특별시 중구 명동2가 83-5 아바타빌딩 8층 ,198418.7417,451237.1686,CGV 명동 2관,중구
1,3010000,서울특별시 중구 충무로2가 65-9 ,198636.2504,451005.7216,CGV 명동 1관,중구
1,3010000,서울특별시 중구 충무로1가 24-23번지 8910층 ,198527.0993,450998.0734,명동시네마,중구
1,3020000,서울특별시 용산구 한강로3가 40-999 ,196762.0774,447480.0396,씨지브이 용산아이파크몰 제2관,용산구
1,3020000,서울특별시 용산구 한강로3가 40-999 ,196762.0774,447480.0396,씨지브이 용산아이파크몰 제8관,용산구
1,3020000,서울특별시 용산구 한강로3가 40-961 ,196864.3606,447707.4033,씨지브이 용산아이파크몰 제11관,용산구
1,3020000,서울특별시 용산구 한강로3가 40-961 ,196864.3606,447707.4033,씨지브이 용산아이파크몰 제18관,용산구
1,3020000,서울특별시 용산구 한강로3가 40-961 ,196864.3606,447707.4033,씨지브이 용산아이파크몰 제19관,용산구
1,3020000,서울특별시 용산구 한강로3가 40-961 ,196864.3606,447707.4033,씨지브이 용산아이파크몰 제20관,용산구
1,3060000,서울특별시 중랑구 묵동 234-1 ,206641.2692,456981.0858,롯데시네마 중랑관 7관,중랑구
1,3020000,서울특별시 용산구 한강로3가 40-999 ,196762.0774,447480.0396,씨지브이 용산아이파크몰 제3관,용산구
1,3020000,서울특별시 용산구 한강로3가 40-999 ,196762.0774,447480.0396,씨지브이 용산아이파크몰 제9관,용산구
1,3020000,서울특별시 용산구 한강로3가 16-9 4~5층 ,196370.7464,447841.6988,롯데시네마 용산 제7관,용산구
1,3020000,서울특별시 용산구 한강로3가 16-9 4~5층 ,196370.7464,447841.6988,롯데시네마 용산 제1관,용산구
1,3020000,서울특별시 용산구 한강로3가 40-961 ,196864.3606,447707.4033,씨지브이 용산아이파크몰 제13관,용산구
1,3020000,서울특별시 용산구 한강로3가 40-961 ,196864.3606,447707.4033,씨지브이 용산아이파크몰 제14관,용산구
1,3020000,서울특별시 용산구 한강로3가 40-999 ,196762.0774,447480.0396,씨지브이 용산아이파크몰 제10관,용산구
1,3020000,서울특별시 용산구 한강로3가 40-961 ,196864.3606,447707.4033,씨지브이 용산아이파크몰 제15관,용산구
1,3020000,서울특별시 용산구 한강로3가 40-999 ,196762.0774,447480.0396,씨지브이 용산아이파크몰 제5관,용산구
1,3020000,서울특별시 용산구 한강로3가 16-9 4~5층 ,196370.7464,447841.6988,롯데시네마 용산 제4관,용산구
1,3020000,서울특별시 용산구 한강로3가 16-9 4~5층 ,196370.7464,447841.6988,롯데시네마 용산 제5관,용산구
1,3020000,서울특별시 용산구 한강로3가 40-999 ,196762.0774,447480.0396,씨지브이 용산아이파크몰 제6관,용산구
1,3020000,서울특별시 용산구 한강로3가 40-961 ,196864.3606,447707.4033,씨지브이 용산아이파크몰 제12관,용산구
1,3020000,서울특별시 용산구 한강로3가 16-9 4~5층 ,196370.7464,447841.6988,롯데시네마 용산 제2관,용산구
1,3020000,서울특별시 용산구 한강로3가 16-9 4~5층 ,196370.7464,447841.6988,롯데시네마 용산 제3관,용산구
1,3020000,서울특별시 용산구 한강로3가 16-9 4~5층 ,196370.7464,447841.6988,롯데시네마 용산 제8관,용산구
1,3020000,서울특별시 용산구 한강로3가 40-999 ,196762.0774,447480.0396,씨지브이 용산아이파크몰 제1관,용산구
1,3020000,서울특별시 용산구 한강로3가 16-9 4~5층 ,196370.7464,447841.6988,롯데시네마 용산 제6관,용산구
1,3020000,서울특별시 용산구 한강로3가 40-961 ,196864.3606,447707.4033,씨지브이 용산아이파크몰 제17관,용산구
1,3020000,서울특별시 용산구 한강로3가 40-961 ,196864.3606,447707.4033,씨지브이 용산아이파크몰 제16관,용산구
1,3030000,서울특별시 성동구 성수동1가 656-335 메가박스 스퀘어 ,203903.3536,448846.8202,메가박스중앙(주) 성수지점 1관,성동구
1,3030000,서울특별시 성동구 성수동1가 656-335 메가박스 스퀘어 ,203903.3536,448846.8202,메가박스중앙(주) 성수지점 2관,성동구
1,3030000,서울특별시 성동구 성수동1가 656-335 메가박스 스퀘어 ,203903.3536,448846.8202,메가박스중앙(주) 성수지점 MX관,성동구
1,3030000,서울특별시 성동구 성수동1가 656-335 메가박스 스퀘어 ,203903.3536,448846.8202,메가박스중앙(주) 성수지점 4관,성동구
1,3030000,서울특별시 성동구 성수동1가 656-335 메가박스 스퀘어 ,203903.3536,448846.8202,메가박스중앙(주) 성수지점 5관,성동구
1,3030000,서울특별시 성동구 성수동1가 656-335 메가박스 스퀘어 ,203903.3536,448846.8202,메가박스중앙(주) 성수지점 더부티크 101호,성동구
1,3030000,서울특별시 성동구 성수동1가 656-335 메가박스 스퀘어 ,203903.3536,448846.8202,메가박스중앙(주) 성수지점 더부티크 102호,성동구
1,3030000,서울특별시 성동구 행당동 168-151 왕십리민자역사 ,203321.5623,451001.8687,CGV 왕십리 9관,성동구
1,3030000,서울특별시 성동구 행당동 168-151 왕십리민자역사 ,203321.5623,451001.8687,CGV 왕십리 5관,성동구
1,3030000,서울특별시 성동구 행당동 168-151 왕십리민자역사 ,203321.5623,451001.8687,CGV 왕십리 3관,성동구
1,3030000,서울특별시 성동구 행당동 168-151 왕십리민자역사 ,203321.5623,451001.8687,CGV 왕십리 4관,성동구
1,3030000,서울특별시 성동구 행당동 168-151 왕십리민자역사 ,203321.5623,451001.8687,CGV 왕십리 6관,성동구
1,3030000,서울특별시 성동구 행당동 168-151 왕십리민자역사 ,203321.5623,451001.8687,CGV 왕십리 7관,성동구
1,3030000,서울특별시 성동구 행당동 168-151 왕십리민자역사 ,203321.5623,451001.8687,CGV 왕십리 1관,성동구
1,3030000,서울특별시 성동구 행당동 168-151 왕십리민자역사 ,203321.5623,451001.8687,CGV 왕십리 2관,성동구
1,3030000,서울특별시 성동구 행당동 168-151 왕십리민자역사 ,203321.5623,451001.8687,CGV 왕십리 10관,성동구
1,3030000,서울특별시 성동구 행당동 168-151 왕십리민자역사 ,203321.5623,451001.8687,CGV 왕십리 8관,성동구
1,3040000,서울특별시 광진구 자양동 227-7 더샵스타시티 ,206349.675,448396.9397,롯데시네마 건대입구관 (제2관),광진구
1,3040000,서울특별시 광진구 자양동 9-4 몰오브케이 ,205845.9467,448616.8477,CGV 건대입구 제1관,광진구
1,3040000,서울특별시 광진구 자양동 9-4 몰오브케이 ,205845.9467,448616.8477,CGV 건대입구 제2관,광진구
1,3040000,서울특별시 광진구 자양동 9-4 몰오브케이 ,205845.9467,448616.8477,CGV 건대입구 제3관,광진구
1,3040000,서울특별시 광진구 자양동 9-4 몰오브케이 ,205845.9467,448616.8477,CGV 건대입구 제4관,광진구
1,3040000,서울특별시 광진구 자양동 9-4 몰오브케이 ,205845.9467,448616.8477,CGV 건대입구 제5관,광진구
1,3040000,서울특별시 광진구 자양동 227-7 더샵스타시티 ,206349.675,448396.9397,롯데시네마 건대입구관 (제5관),광진구
1,3040000,서울특별시 광진구 자양동 227-7 더샵스타시티 ,206349.675,448396.9397,롯데시네마 건대입구관 (제6관),광진구
1,3040000,서울특별시 광진구 자양동 227-7 더샵스타시티 ,206349.675,448396.9397,롯데시네마 건대입구관 (제3관),광진구
1,3040000,서울특별시 광진구 자양동 227-7 더샵스타시티 ,206349.675,448396.9397,롯데시네마 건대입구관 (제1관),광진구
1,3040000,서울특별시 광진구 화양동 1번지 건국대학교 예술문화대학 지하1층 ,206445.8811,448922.8817,KU시네마테크,광진구
1,3040000,서울특별시 광진구 구의동 546-4 테크노마트10층 ,208394.4164,448165.28,CGV강변11 제5관,광진구
1,3040000,서울특별시 광진구 구의동 546-4 테크노마트10층 ,208394.4164,448165.28,CGV강변11 제6관,광진구
1,3040000,서울특별시 광진구 구의동 546-4 테크노마트10층 ,208394.4164,448165.28,CGV강변11 제7관,광진구
1,3040000,서울특별시 광진구 구의동 546-4 테크노마트10층 ,208394.4164,448165.28,CGV강변11 제8관,광진구
1,3040000,서울특별시 광진구 구의동 546-4 테크노마트10층 ,208394.4164,448165.28,CGV강변11 제9관,광진구
1,3040000,서울특별시 광진구 구의동 546-4 테크노마트10층 ,208394.4164,448165.28,CGV강변11 제10관,광진구
1,3040000,서울특별시 광진구 구의동 546-4 테크노마트10층 ,208394.4164,448165.28,CGV강변 11 CINE & FORET,광진구
1,3040000,서울특별시 광진구 구의동 546-4 테크노마트10층 ,208394.4164,448165.28,CGV강변11 제4관[CGV 아트하우스],광진구
1,3040000,서울특별시 광진구 자양동 227-7 더샵스타시티 ,206349.675,448396.9397,롯데시네마 건대입구관 (제4관),광진구
1,3040000,서울특별시 광진구 자양동 227-7 더샵스타시티 ,206349.675,448396.9397,롯데시네마 건대입구관 (제7관),광진구
1,3040000,서울특별시 광진구 자양동 227-7 더샵스타시티 ,206349.675,448396.9397,롯데시네마 건대입구관 (제8관),광진구
1,3040000,서울특별시 광진구 자양동 227-7 더샵스타시티 ,206349.675,448396.9397,롯데시네마 건대입구관 (샤롯데관),광진구
1,3040000,서울특별시 광진구 자양동 227-7 더샵스타시티 ,206349.675,448396.9397,롯데시네마 건대입구관 (제9관),광진구
1,3040000,서울특별시 광진구 자양동 227-7 더샵스타시티 ,206349.675,448396.9397,롯데시네마 건대입구관 (제10관),광진구
1,3040000,서울특별시 광진구 군자동 477-12번지 ,206852.3609,450393.661,메가박스 군자9,광진구
1,3040000,서울특별시 광진구 군자동 477-12번지 ,206852.3609,450393.661,메가박스 군자1,광진구
1,3040000,서울특별시 광진구 군자동 477-12번지 ,206852.3609,450393.661,메가박스 군자7,광진구
1,3040000,서울특별시 광진구 군자동 477-12번지 ,206852.3609,450393.661,메가박스 군자8,광진구
1,3040000,서울특별시 광진구 군자동 477-12번지 ,206852.3609,450393.661,메가박스 군자5,광진구
1,3040000,서울특별시 광진구 군자동 477-12번지 ,206852.3609,450393.661,메가박스 군자3,광진구
1,3040000,서울특별시 광진구 군자동 477-12번지 ,206852.3609,450393.661,메가박스 군자4,광진구
1,3040000,서울특별시 광진구 군자동 477-12번지 ,206852.3609,450393.661,메가박스 군자10,광진구
1,3040000,서울특별시 광진구 군자동 477-12번지 ,206852.3609,450393.661,메가박스 군자6,광진구
1,3040000,서울특별시 광진구 구의동 546-4 테크노마트10층 ,208394.4164,448165.28,CGV강변11 STAR 2관,광진구
1,3040000,서울특별시 광진구 구의동 546-4 테크노마트10층 ,208394.4164,448165.28,CGV강변11 STAR 3관,광진구
1,3040000,서울특별시 광진구 구의동 546-4 테크노마트10층 ,208394.4164,448165.28,CGV강변11 4DX 1관,광진구
1,3050000,서울특별시 동대문구 장안동 368-1번지 바우하우스 11층 ,206325.3494,452184.2102,롯데시네마 장안,동대문구
1,3050000,서울특별시 동대문구 전농동 591-53 청량리민자역사 8층9층 ,204081.2821,453187.3952,롯데시네마청량리 제5관,동대문구
1,3050000,서울특별시 동대문구 전농동 591-53 청량리민자역사 8층9층 ,204081.2821,453187.3952,롯데시네마청량리 제6관,동대문구
1,3050000,서울특별시 동대문구 전농동 591-53 청량리민자역사 8층9층 ,204081.2821,453187.3952,롯데시네마청량리 제7관,동대문구
1,3050000,서울특별시 동대문구 전농동 591-53 청량리민자역사 8층9층 ,204081.2821,453187.3952,롯데시네마청량리 제8관,동대문구
1,3050000,서울특별시 동대문구 장안동 368-1번지 바우하우스 12층 ,206325.3494,452184.2102,롯데시네마 장안,동대문구
1,3050000,서울특별시 동대문구 장안동 368-1번지 바우하우스 12층 ,206325.3494,452184.2102,롯데시네마 장안,동대문구
1,3050000,서울특별시 동대문구 장안동 368-1번지 바우하우스 12층 ,206325.3494,452184.2102,롯데시네마 장안,동대문구
1,3050000,서울특별시 동대문구 장안동 368-1번지 바우하우스 12층 ,206325.3494,452184.2102,롯데시네마 장안,동대문구
1,3050000,서울특별시 동대문구 전농동 591-53 청량리민자역사 8층9층 ,204081.2821,453187.3952,롯데시네마청량리 제2관,동대문구
1,3050000,서울특별시 동대문구 전농동 591-53 청량리민자역사 8층9층 ,204081.2821,453187.3952,롯데시네마청량리 제3관,동대문구
1,3050000,서울특별시 동대문구 전농동 591-53 청량리민자역사 8층9층 ,204081.2821,453187.3952,롯데시네마청량리 제4관,동대문구
1,3050000,서울특별시 동대문구 장안동 368-1번지 바우하우스 11층 ,206325.3494,452184.2102,롯데시네마 장안,동대문구
1,3050000,서울특별시 동대문구 장안동 368-1번지 바우하우스 11층 ,206325.3494,452184.2102,롯데시네마 장안,동대문구
1,3060000,서울특별시 중랑구 상봉동 501 ,208076.3867,455017.5286,CGV상봉3관,중랑구
1,3060000,서울특별시 중랑구 상봉동 501 ,208076.3867,455017.5286,CGV상봉4관,중랑구
1,3060000,서울특별시 중랑구 상봉동 501 ,208076.3867,455017.5286,CGV상봉5관,중랑구
1,3060000,서울특별시 중랑구 상봉동 501 ,208076.3867,455017.5286,CGV상봉6관,중랑구
1,3060000,서울특별시 중랑구 상봉동 501 ,208076.3867,455017.5286,CGV상봉7관,중랑구
1,3060000,서울특별시 중랑구 상봉동 130-3 상봉뉴월드시네마 4층 ,206526.0022,454549.1674,메가박스중앙(주) 상봉지점 1관,중랑구
1,3060000,서울특별시 중랑구 상봉동 130-3 상봉뉴월드시네마 4층 ,206526.0022,454549.1674,메가박스중앙(주) 상봉지점 2관,중랑구
1,3060000,서울특별시 중랑구 상봉동 130-3 상봉뉴월드시네마 4층 ,206526.0022,454549.1674,메가박스중앙(주) 상봉지점 3관,중랑구
1,3060000,서울특별시 중랑구 상봉동 130-3 상봉뉴월드시네마 4층 ,206526.0022,454549.1674,메가박스중앙(주) 상봉지점 4관,중랑구
1,3060000,서울특별시 중랑구 상봉동 130-3 상봉뉴월드시네마 4층 ,206526.0022,454549.1674,메가박스중앙(주) 상봉지점 5관,중랑구
1,3060000,서울특별시 중랑구 상봉동 130-3 상봉뉴월드시네마 4층 ,206526.0022,454549.1674,메가박스중앙(주) 상봉지점 6관,중랑구
1,3060000,서울특별시 중랑구 상봉동 130-3 상봉뉴월드시네마 4층 ,206526.0022,454549.1674,메가박스중앙(주) 상봉지점 7관,중랑구
1,3060000,서울특별시 중랑구 상봉동 501 ,208076.3867,455017.5286,CGV상봉1관,중랑구
1,3060000,서울특별시 중랑구 상봉동 501 ,208076.3867,455017.5286,CGV상봉2관,중랑구
1,3060000,서울특별시 중랑구 묵동 234-1 ,206641.2692,456981.0858,롯데시네마 중랑관 1관,중랑구
1,3060000,서울특별시 중랑구 묵동 234-1 ,206641.2692,456981.0858,롯데시네마 중랑관 2관,중랑구
1,3060000,서울특별시 중랑구 묵동 234-1 ,206641.2692,456981.0858,롯데시네마 중랑관 8관,중랑구
1,3070000,서울특별시 성북구 돈암동 538-98 ,201158.1367,455288.7654,아리랑시네센터 제1관,성북구
1,3070000,서울특별시 성북구 돈암동 538-98 ,201158.1367,455288.7654,아리랑시네센터 제2관,성북구
1,3070000,서울특별시 성북구 돈암동 538-98 ,201158.1367,455288.7654,아리랑시네센터(아리랑인디웨이브),성북구
1,3070000,서울특별시 성북구 동선동1가 1-2 ,201447.4187,454477.1033,CGV 성신여대입구 2관,성북구
1,3070000,서울특별시 성북구 동선동1가 1-2 유타 ,201447.4187,454477.1033,CGV 성신여대입구 3관,성북구
1,3070000,서울특별시 성북구 동선동1가 1-2 유타 ,201447.4187,454477.1033,CGV 성신여대입구 1관,성북구
1,3070000,서울특별시 성북구 동선동1가 1-2 유타 ,201447.4187,454477.1033,CGV 성신여대입구 4관,성북구
1,3070000,서울특별시 성북구 동선동1가 1-2 유타몰 12층 ,201447.4187,454477.1033,CGV 성신여대입구 5관,성북구
1,3080000,서울특별시 강북구 번동 449-1 ,202032.7576,459259.444,롯데시네마 수유관 제2관,강북구
1,3080000,서울특별시 강북구 번동 449-1 ,202032.7576,459259.444,(주)써니트수유 롯데시네마 수유,강북구
1,3080000,서울특별시 강북구 번동 449-1 ,202032.7576,459259.444,(주)씨니트 롯데시네마 수유,강북구
1,3080000,서울특별시 강북구 번동 449-1 ,202032.7576,459259.444,(주)써니트 롯데시네마 수유,강북구
1,3080000,서울특별시 강북구 번동 449-1 ,202032.7576,459259.444,(주)써니트 롯데시네마 수유,강북구
1,3080000,서울특별시 강북구 미아동 35-4 트레지오 쇼핑몰 9층 ,202642.446,456636.3082,씨지브이 미아점 1관,강북구
1,3080000,서울특별시 강북구 미아동 35-4 트레지오 쇼핑몰 10층 ,202642.446,456636.3082,씨지브이 미아점 2관,강북구
1,3080000,서울특별시 강북구 미아동 35-4 트레지오 쇼핑몰 10층 ,202642.446,456636.3082,씨지브이 미아점 3관,강북구
1,3080000,서울특별시 강북구 미아동 35-4 트레지오 쇼핑몰 11층 ,202642.446,456636.3082,씨지브이 미아점 4관,강북구
1,3080000,서울특별시 강북구 미아동 35-4 트레지오 쇼핑몰 11층 ,202642.446,456636.3082,씨지브이 미아점 5관,강북구
1,3080000,서울특별시 강북구 미아동 35-4 트레지오 쇼핑몰 11층 ,202642.446,456636.3082,씨지브이 미아점 6관,강북구
1,3080000,서울특별시 강북구 수유동 168-12 ,202565.2368,460003.1177,CGV 수유 1관,강북구
1,3080000,서울특별시 강북구 수유동 168-12 ,202565.2368,460003.1177,CGV 수유 9관,강북구
1,3080000,서울특별시 강북구 수유동 168-12 ,202565.2368,460003.1177,CGV 수유 8관,강북구
1,3080000,서울특별시 강북구 수유동 168-12 ,202565.2368,460003.1177,CGV 수유 7관,강북구
1,3080000,서울특별시 강북구 수유동 168-12 ,202565.2368,460003.1177,CGV  수유 2관,강북구
1,3080000,서울특별시 강북구 수유동 168-12 ,202565.2368,460003.1177,CGV 수유 3관,강북구
1,3080000,서울특별시 강북구 수유동 168-12 ,202565.2368,460003.1177,CGV 수유 6관,강북구
1,3080000,서울특별시 강북구 수유동 168-12 ,202565.2368,460003.1177,CGV 수유 5관,강북구
1,3080000,서울특별시 강북구 수유동 168-12 ,202565.2368,460003.1177,CGV 수유 4관,강북구
1,3080000,서울특별시 강북구 번동 449-1 ,202032.7576,459259.444,(주)써니트 수유지점 롯데시네마 수유,강북구
1,3090000,서울특별시 도봉구 창동 715-14 ,203351.8658,461358.4054,메가박스 창동 1관,도봉구
1,3090000,서울특별시 도봉구 창동 715-14번지 ,203351.8658,461358.4054,메가박스 창동 2관,도봉구
1,3090000,서울특별시 도봉구 창동 715-14번지 ,203351.8658,461358.4054,창동 메가박스 5관,도봉구
1,3090000,서울특별시 도봉구 창동 715-14번지 ,203351.8658,461358.4054,메가박스 창동 4관,도봉구
1,3090000,서울특별시 도봉구 창동 715-14번지 ,203351.8658,461358.4054,메가박스 창동 3관,도봉구
1,3100000,서울특별시 노원구 중계동 506-1 ,205645.892,459609.0125,CGV 하계 제1관,노원구
1,3100000,서울특별시 노원구 중계동 506-1 ,205645.892,459609.0125,CGV 하계 제2관,노원구
1,3100000,서울특별시 노원구 중계동 506-1 ,205645.892,459609.0125,CGV 하계 제3관,노원구
1,3100000,서울특별시 노원구 상계동 727-1번지 지하1층 ,205352.2249,461310.6678,더숲 아트시네마 제1관,노원구
1,3100000,서울특별시 노원구 상계동 727-1번지 조광빌딩 지하2층 ,205352.2249,461310.6678,더숲 아트시네마 제2관,노원구
1,3100000,서울특별시 노원구 중계동 506-1 ,205645.892,459609.0125,CGV 하계 제4관,노원구
1,3100000,서울특별시 노원구 상계동 713,205320.2848,461419.8818,롯데시네마 노원(제1관),노원구
1,3110000,서울특별시 은평구 녹번동 85-4번지 ,193604.7092,455734.9023,이동상영관,은평구
1,3110000,서울특별시 은평구 대조동 240번지 팜스퀘어 ,193661.7324,456379.1939,CGV불광제3관,은평구
1,3110000,서울특별시 은평구 대조동 240 팜스퀘어 ,193661.7324,456379.1939,CGV불광제4관,은평구
1,3110000,서울특별시 은평구 대조동 240번지 팜스퀘어 ,193661.7324,456379.1939,CGV불광제5관,은평구
1,3110000,서울특별시 은평구 대조동 240번지 팜스퀘어 ,193661.7324,456379.1939,CGV불광제6관,은평구
1,3110000,서울특별시 은평구 대조동 240번지 팜스퀘어 ,193661.7324,456379.1939,CGV불광제8관,은평구
1,3110000,서울특별시 은평구 대조동 240번지 팜스퀘어 ,193661.7324,456379.1939,CGV불광제9관,은평구
1,3110000,서울특별시 은평구 대조동 240번지 팜스퀘어 ,193661.7324,456379.1939,CGV불광제1관,은평구
1,3110000,서울특별시 은평구 대조동 240번지 팜스퀘어 ,193661.7324,456379.1939,CGV불광제2관,은평구
1,3110000,서울특별시 은평구 대조동 240번지 팜스퀘어 ,193661.7324,456379.1939,CGV불광제7관,은평구
1,3110000,서울특별시 은평구 진관동 63 ,192798.6592,459646.8272,롯데시네마 은평 2관,은평구
1,3110000,서울특별시 은평구 진관동 63 ,192798.6592,459646.8272,롯데시네마 은평 3관,은평구
1,3110000,서울특별시 은평구 진관동 63 ,192798.6592,459646.8272,롯데시네마 은평 4관,은평구
1,3110000,서울특별시 은평구 진관동 63 ,192798.6592,459646.8272,롯데시네마 은평 6관,은평구
1,3110000,서울특별시 은평구 진관동 63 ,192798.6592,459646.8272,롯데시네마 은평 5관,은평구
1,3110000,서울특별시 은평구 진관동 63 ,192798.6592,459646.8272,롯데시네마 은평 7관,은평구
1,3110000,서울특별시 은평구 진관동 63 ,192798.6592,459646.8272,롯데시네마 은평 8관,은평구
1,3110000,서울특별시 은평구 진관동 63 ,192798.6592,459646.8272,롯데시네마 은평 1관,은평구
1,3120000,서울특별시 서대문구 신촌동 74-12 ,194798.4584,450837.0517,메가박스중앙(주)신촌지점 6관,서대문구
1,3120000,서울특별시 서대문구 신촌동 74-12 5층 ,194798.4584,450837.0517,메가박스중앙(주)신촌지점 7관,서대문구
1,3120000,서울특별시 서대문구 신촌동 74-12 5층 ,194798.4584,450837.0517,메가박스중앙(주)신촌지점 8관,서대문구
1,3120000,서울특별시 서대문구 대현동 11-1번지 이화캠퍼스복합단지 지하 45층 ,195287.7664,451143.7893,아트하우스 모모-이화?KB 시네마 1관,서대문구
1,3120000,서울특별시 서대문구 대현동 11-1번지 이화캠퍼스복합단지 지하 45층 ,195287.7664,451143.7893,아트하우스 모모-이화?KB 시네마 2관,서대문구
1,3120000,서울특별시 서대문구 창천동 20-25 ,194649.344,450478.3522,CGV신촌아트레온 1관,서대문구
1,3120000,서울특별시 서대문구 창천동 20-25 ,194649.344,450478.3522,CGV신촌아트레온 2관,서대문구
1,3120000,서울특별시 서대문구 창천동 20-25 ,194649.344,450478.3522,CGV신촌아트레온 3관,서대문구
1,3120000,서울특별시 서대문구 창천동 20-25 ,194649.344,450478.3522,CGV신촌아트레온 4관,서대문구
1,3120000,서울특별시 서대문구 창천동 20-25 ,194649.344,450478.3522,CGV신촌아트레온 5관,서대문구
1,3120000,서울특별시 서대문구 창천동 20-25 ,194649.344,450478.3522,CGV신촌아트레온 6관,서대문구
1,3120000,서울특별시 서대문구 창천동 20-25 ,194649.344,450478.3522,CGV신촌아트레온 7관,서대문구
1,3120000,서울특별시 서대문구 창천동 20-25 ,194649.344,450478.3522,CGV신촌아트레온 8관,서대문구
1,3120000,서울특별시 서대문구 창천동 20-25 ,194649.344,450478.3522,CGV신촌아트레온 9관,서대문구
1,3120000,서울특별시 서대문구 창천동 20-25 아트레온 ,194649.344,450478.3522,CGV신촌아트레온 10관[CGV아트하우스],서대문구
1,3120000,서울특별시 서대문구 신촌동 74-12 5층 ,194798.4584,450837.0517,메가박스중앙(주)신촌지점 COMFORT 1관,서대문구
1,3120000,서울특별시 서대문구 신촌동 74-12 5층 ,194798.4584,450837.0517,메가박스중앙(주)신촌지점 2관,서대문구
1,3120000,서울특별시 서대문구 신촌동 74-12 5층 ,194798.4584,450837.0517,메가박스중앙(주) 신촌지점 3관,서대문구
1,3120000,서울특별시 서대문구 신촌동 74-12 5층 ,194798.4584,450837.0517,메가박스중앙(주)신촌지점 COMFORT 4관,서대문구
1,3120000,서울특별시 서대문구 신촌동 74-12 5층 ,194798.4584,450837.0517,메가박스중앙(주)신촌지점 5관,서대문구
1,3120000,서울특별시 서대문구 연희동 194-25 ,193828.4361,451433.7896,라이카시네마 S관,서대문구
1,3130000,서울특별시 마포구 동교동 160-4 아일렉스 ,193046.5347,450424.5645,메가박스중앙(주) 홍대지점 1관,마포구
1,3130000,서울특별시 마포구 동교동 160-4 아일렉스 ,193046.5347,450424.5645,메가박스중앙(주) 홍대지점 5관,마포구
1,3130000,서울특별시 마포구 동교동 160-4 아일렉스 ,193046.5347,450424.5645,메가박스중앙(주) 홍대지점 4관,마포구
1,3130000,서울특별시 마포구 동교동 160-4 아일렉스 ,193046.5347,450424.5645,메가박스중앙(주) 홍대지점 2관,마포구
1,3130000,서울특별시 마포구 동교동 160-4 아일렉스 ,193046.5347,450424.5645,메가박스중앙(주) 홍대지점 3관,마포구
1,3130000,서울특별시 마포구 동교동 166-14 동교동 스타피카소 ,193282.1308,450549.2802,독립영화전용관 인디스페이스,마포구
1,3130000,서울특별시 마포구 서교동 367-5 상상마당빌딩 ,192952.4207,449862.4658,KT&G 상상마당 cinema,마포구
1,3130000,서울특별시 마포구 동교동 159-8 ,193105.3351,450464.4442,CGV홍대 1관,마포구
1,3130000,서울특별시 마포구 동교동 159-8 ,193105.3351,450464.4442,CGV홍대 2관,마포구
1,3130000,서울특별시 마포구 동교동 159-8 ,193105.3351,450464.4442,CGV홍대 3관,마포구
1,3130000,서울특별시 마포구 동교동 166-6 ,193330.7141,450564.5132,롯데시네마 홍대입구관 제6관,마포구
1,3130000,서울특별시 마포구 서교동 490 메세나폴리스 2층 ,192311.6426,449855.6439,롯데시네마 합정 제1관,마포구
1,3130000,서울특별시 마포구 서교동 490 메세나폴리스 2층 ,192311.6426,449855.6439,롯데시네마 합정 제2관,마포구
1,3130000,서울특별시 마포구 서교동 490 메세나폴리스 2층 ,192311.6426,449855.6439,롯데시네마 합정 제3관,마포구
1,3130000,서울특별시 마포구 서교동 490 메세나폴리스 2층 ,192311.6426,449855.6439,롯데시네마 합정 제4관,마포구
1,3130000,서울특별시 마포구 동교동 159-8 ,193105.3351,450464.4442,CGV홍대 4관,마포구
1,3130000,서울특별시 마포구 동교동 159-8 ,193105.3351,450464.4442,CGV홍대 5관,마포구
1,3130000,서울특별시 마포구 동교동 159-8 ,193105.3351,450464.4442,CGV홍대 6관,마포구
1,3130000,서울특별시 마포구 동교동 166-6 ,193330.7141,450564.5132,롯데시네마 홍대입구관 제3관,마포구
1,3130000,서울특별시 마포구 동교동 166-6 ,193330.7141,450564.5132,롯데시네마 홍대입구관 제4관,마포구
1,3130000,서울특별시 마포구 동교동 166-6 ,193330.7141,450564.5132,롯데시네마 홍대입구관 제5관,마포구
1,3130000,서울특별시 마포구 동교동 166-6 ,193330.7141,450564.5132,롯데시네마 홍대입구관 제2관,마포구
1,3130000,서울특별시 마포구 동교동 167-2 LC TOWER ,193378.5659,450631.4756,CGV연남 6관,마포구
1,3130000,서울특별시 마포구 동교동 167-2 LC TOWER ,193378.5659,450631.4756,CGV연남 5관,마포구
1,3130000,서울특별시 마포구 동교동 167-2 LC TOWER ,193378.5659,450631.4756,CGV연남 4관,마포구
1,3130000,서울특별시 마포구 동교동 167-2 LC TOWER ,193378.5659,450631.4756,CGV연남 3관(Suite Cinema),마포구
1,3130000,서울특별시 마포구 동교동 167-2 LC TOWER ,193378.5659,450631.4756,CGV연남 2관,마포구
1,3130000,서울특별시 마포구 동교동 167-2 LC TOWER ,193378.5659,450631.4756,CGV연남 1관(4DX),마포구
1,3140000,서울특별시 양천구 목동 916 현대백화점 지하2층 ,188884.0756,447186.8886,CGV 목동8(1관),양천구
1,3140000,서울특별시 양천구 목동 916 현대백화점 지하2층 ,188884.0756,447186.8886,CGV 목동8(2관),양천구
1,3140000,서울특별시 양천구 목동 916 현대백화점 지하2층 ,188884.0756,447186.8886,CGV 목동8(3관),양천구
1,3140000,서울특별시 양천구 목동 916 현대백화점 지하2층 ,188884.0756,447186.8886,CGV 목동8(4관),양천구
1,3140000,서울특별시 양천구 목동 916 현대백화점 지하2층 ,188884.0756,447186.8886,CGV 목동8(5관),양천구
1,3140000,서울특별시 양천구 목동 916 현대백화점 지하2층 ,188884.0756,447186.8886,CGV 목동8(6관),양천구
1,3140000,서울특별시 양천구 목동 916 현대백화점 지하2층 ,188884.0756,447186.8886,CGV 목동8(7관),양천구
1,3140000,서울특별시 양천구 목동 917-6 행복한세상백화점 7층 ,188977.1711,447466.355,메가박스중앙(주) 목동지점 MX관,양천구
1,3140000,서울특별시 양천구 목동 917-6 행복한세상백화점 7층 ,188977.1711,447466.355,메가박스중앙(주) 목동지점 4관,양천구
1,3140000,서울특별시 양천구 목동 917-6 행복한세상백화점 7층 ,188977.1711,447466.355,메가박스중앙(주) 목동지점 7관,양천구
1,3140000,서울특별시 양천구 목동 917-6 행복한세상백화점 7층 ,188977.1711,447466.355,메가박스중앙(주) 목동지점 8관,양천구
1,3140000,서울특별시 양천구 목동 917-6 행복한세상백화점 7층 ,188977.1711,447466.355,메가박스중앙(주) 목동지점 3관,양천구
1,3140000,서울특별시 양천구 목동 917-6 행복한세상백화점 7층 ,188977.1711,447466.355,메가박스중앙(주) 목동지점 9관,양천구
1,3140000,서울특별시 양천구 목동 916 현대백화점 지하2층 ,188884.0756,447186.8886,CGV목동8(8관),양천구
1,3150000,서울특별시 강서구 등촌동 639-23 3~9층 ,187210.9178,450631.4355,CGV 등촌 7관,강서구
1,3150000,서울특별시 강서구 등촌동 639-23 3~9층 ,187210.9178,450631.4355,CGV 등촌 8관,강서구
1,3150000,서울특별시 강서구 등촌동 639-23 3~9층 ,187210.9178,450631.4355,CGV 등촌 1관,강서구
1,3150000,서울특별시 강서구 등촌동 639-23 3~9층 ,187210.9178,450631.4355,CGV 등촌 2관,강서구
1,3150000,서울특별시 강서구 등촌동 639-23 3~9층 ,187210.9178,450631.4355,CGV 등촌 3관,강서구
1,3150000,서울특별시 강서구 등촌동 639-23 3~9층 ,187210.9178,450631.4355,CGV 등촌 4관,강서구
1,3150000,서울특별시 강서구 등촌동 639-23 3~9층 ,187210.9178,450631.4355,CGV 등촌 5관,강서구
1,3150000,서울특별시 강서구 등촌동 639-23 3~9층 ,187210.9178,450631.4355,CGV 등촌 6관,강서구
1,3150000,서울특별시 강서구 마곡동 797-1 퀸즈파크나인 ,185365.0,450789.0,메가박스중앙(주) 마곡지점 4관,강서구
1,3150000,서울특별시 강서구 마곡동 797-1 퀸즈파크나인 ,185365.0,450789.0,메가박스중앙(주) 마곡지점 5관,강서구
1,3150000,서울특별시 강서구 마곡동 797-1 퀸즈파크나인 ,185365.0,450789.0,메가박스중앙(주) 마곡지점 6관,강서구
1,3150000,서울특별시 강서구 방화동 886 스카이파크 ,182524.8238,451438.2509,롯데시네마 김포공항 (1관),강서구
1,3150000,서울특별시 강서구 방화동 886 스카이파크 ,182524.8238,451438.2509,롯데시네마 김포공항 (2관),강서구
1,3150000,서울특별시 강서구 방화동 886 스카이파크 ,182524.8238,451438.2509,롯데시네마 김포공항 (3관),강서구
1,3150000,서울특별시 강서구 방화동 886 스카이파크 ,182524.8238,451438.2509,롯데시네마 김포공항 (4관),강서구
1,3150000,서울특별시 강서구 방화동 886 스카이파크 ,182524.8238,451438.2509,롯데시네마 김포공항 (5관),강서구
1,3150000,서울특별시 강서구 방화동 886 스카이파크 ,182524.8238,451438.2509,롯데시네마 김포공항 (6관),강서구
1,3150000,서울특별시 강서구 방화동 886 스카이파크 ,182524.8238,451438.2509,롯데시네마 김포공항 (8관),강서구
1,3150000,서울특별시 강서구 방화동 886 스카이파크 ,182524.8238,451438.2509,롯데시네마 김포공항 (7관),강서구
1,3150000,서울특별시 강서구 방화동 886 스카이파크 ,182524.8238,451438.2509,롯데시네마 김포공항 (10관),강서구
1,3150000,서울특별시 강서구 방화동 886 스카이파크 ,182524.8238,451438.2509,롯데시네마 김포공항 (9관),강서구
1,3150000,서울특별시 강서구 화곡동 1073-10 메가박스(주) 화곡점 401501호 ,185574.9372,448716.2747,메가박스중앙(주) 화곡지점 1관,강서구
1,3150000,서울특별시 강서구 화곡동 1073-10 메가박스(주) 화곡점 401501호 ,185574.9372,448716.2747,메가박스중앙(주) 화곡지점 2관,강서구
1,3150000,서울특별시 강서구 화곡동 1073-10 메가박스(주) 화곡점 401501호 ,185574.9372,448716.2747,메가박스중앙(주) 화곡지점 3관,강서구
1,3150000,서울특별시 강서구 화곡동 1073-10 메가박스(주) 화곡점 401501호 ,185574.9372,448716.2747,메가박스중앙(주) 화곡지점 4관,강서구
1,3150000,서울특별시 강서구 화곡동 1073-10 메가박스(주) 화곡점 401501호 ,185574.9372,448716.2747,메가박스중앙(주) 화곡지점 5관,강서구
1,3150000,서울특별시 강서구 등촌동 73-1 456층 ,186966.0362,451047.2873,롯데시네마 가양 6관,강서구
1,3150000,서울특별시 강서구 등촌동 73-1 456층 ,186966.0362,451047.2873,롯데시네마 가양 2관,강서구
1,3150000,서울특별시 강서구 등촌동 73-1 456층 ,186966.0362,451047.2873,롯데시네마 가양 3관,강서구
1,3150000,서울특별시 강서구 등촌동 73-1 456층 ,186966.0362,451047.2873,롯데시네마 가양 4관,강서구
1,3150000,서울특별시 강서구 등촌동 73-1 456층 ,186966.0362,451047.2873,롯데시네마 가양 5관,강서구
1,3150000,서울특별시 강서구 등촌동 73-1 456층 ,186966.0362,451047.2873,롯데시네마 가양 1관,강서구
1,3150000,서울특별시 강서구 마곡동 797-1 퀸즈파크나인 ,185365.0,450789.0,메가박스중앙(주) 마곡지점 1관,강서구
1,3150000,서울특별시 강서구 마곡동 797-1 퀸즈파크나인 ,185365.0,450789.0,메가박스중앙(주) 마곡지점 2관,강서구
1,3150000,서울특별시 강서구 마곡동 797-1 퀸즈파크나인 ,185365.0,450789.0,메가박스중앙(주) 마곡지점 3관,강서구
1,3160000,서울특별시 구로구 구로동 3-25 테크노마트 신도림점 12층 ,190232.5245,444978.6827,CINE Q 신도림점 제10관,구로구
1,3160000,서울특별시 구로구 구로동 3-25 테크노마트 신도림점 12층 ,190232.5245,444978.6827,CINE Q 신도림점 제9관,구로구
1,3160000,서울특별시 구로구 구로동 3-25 테크노마트 신도림점 12층 ,190232.5245,444978.6827,CINE Q 신도림점 제8관,구로구
1,3160000,서울특별시 구로구 구로동 3-25 테크노마트 신도림점 12층 ,190232.5245,444978.6827,CINE Q 신도림점 제7관,구로구
1,3160000,서울특별시 구로구 구로동 3-25 테크노마트 신도림점 12층 ,190232.5245,444978.6827,CINE Q 신도림점 제5관,구로구
1,3160000,서울특별시 구로구 구로동 3-25 테크노마트 신도림점 12층 ,190232.5245,444978.6827,CINE Q 신도림점 제3관,구로구
1,3160000,서울특별시 구로구 구로동 3-25 테크노마트 신도림점 12층 ,190232.5245,444978.6827,CINE Q 신도림점 제6관,구로구
1,3160000,서울특별시 구로구 구로동 3-25 테크노마트 신도림점 12층 ,190232.5245,444978.6827,CINE Q 신도림점 제4관,구로구
1,3160000,서울특별시 구로구 구로동 3-25 테크노마트 신도림점 12층 ,190232.5245,444978.6827,CINE Q 신도림점 제2관,구로구
1,3160000,서울특별시 구로구 구로동 573 애경백화점 6층 ,189570.3609,444336.0513,CGV구로10제6관,구로구
1,3160000,서울특별시 구로구 구로동 573 애경백화점 6층 ,189570.3609,444336.0513,CGV구로10 제7관,구로구
1,3160000,서울특별시 구로구 구로동 573 애경백화점 6층 ,189570.3609,444336.0513,CGV구로10제8관,구로구
1,3160000,서울특별시 구로구 구로동 573 애경백화점 6층 ,189570.3609,444336.0513,CGV구로10 제9관,구로구
1,3160000,서울특별시 구로구 구로동 573 애경백화점 6층 ,189570.3609,444336.0513,CGV구로10제1관,구로구
1,3160000,서울특별시 구로구 구로동 573 애경백화점 6층 ,189570.3609,444336.0513,CGV구로10제2관,구로구
1,3220000,서울특별시 강남구 도곡동 174-3 ,204098.596,442807.3172,도곡2관,강남구
1,3160000,서울특별시 구로구 구로동 573 애경백화점 6층 ,189570.3609,444336.0513,CGV구로10 제5관,구로구
1,3160000,서울특별시 구로구 구로동 3-25 테크노마트 신도림점 12층 ,190232.5245,444978.6827,CINE Q 신도림점 제1관,구로구
1,3160000,서울특별시 구로구 신도림동 692 디큐브시티 제타워동 7~8층 일부 ,190107.0454,445157.6264,롯데컬처웍스(주)롯데시네마 제1관,구로구
1,3160000,서울특별시 구로구 신도림동 692 디큐브시티 제타워동 7~8층 일부 ,190107.0454,445157.6264,롯데컬처웍스(주)롯데시네마 제 2관,구로구
1,3160000,서울특별시 구로구 신도림동 692 디큐브시티 제타워동 7~8층 일부 ,190107.0454,445157.6264,롯데컬처웍스(주)롯데시네마 제3관,구로구
1,3160000,서울특별시 구로구 신도림동 692 디큐브시티 제타워동 7~8층 일부 ,190107.0454,445157.6264,롯데컬처웍스(주)롯데시네마 제4관,구로구
1,3160000,서울특별시 구로구 신도림동 692 디큐브시티 제타워동 7~8층 일부 ,190107.0454,445157.6264,롯데컬처웍스(주)롯데시네마 제5관,구로구
1,3170000,서울특별시 금천구 독산동 291-5 ,190858.6495,440808.5413,롯데시네마 독산 제1관,금천구
1,3160000,서울특별시 구로구 구로동 573 애경백화점 6층,189570.3609,444336.0513,CGV구로10 제10관,구로구
1,3170000,서울특별시 금천구 독산동 291-5 ,190858.6495,440808.5413,롯데시네마 독산 제2관,금천구
1,3170000,서울특별시 금천구 독산동 291-5 ,190858.6495,440808.5413,롯데시네마 독산 제3관,금천구
1,3170000,서울특별시 금천구 독산동 291-5 ,190858.6495,440808.5413,롯데시네마 독산 제4관,금천구
1,3170000,서울특별시 금천구 독산동 291-5 ,190858.6495,440808.5413,롯데시네마 독산 제5관,금천구
1,3170000,서울특별시 금천구 독산동 291-5 ,190858.6495,440808.5413,롯데시네마 독산 제6관,금천구
1,3170000,서울특별시 금천구 독산동 291-5 ,190858.6495,440808.5413,롯데시네마 독산 제7관,금천구
1,3170000,서울특별시 금천구 독산동 291-5 ,190858.6495,440808.5413,롯데시네마독산 제8관,금천구
1,3170000,서울특별시 금천구 가산동 60-8 현대시티아울렛 가산점 ,190119.4634,441716.6846,롯데시네마 가산디지털(제3관),금천구
1,3170000,서울특별시 금천구 가산동 60-8 현대시티아울렛 가산점 ,190119.4634,441716.6846,롯데시네마 가산디지털(제4관),금천구
1,3170000,서울특별시 금천구 가산동 60-8 현대시티아울렛 가산점 ,190119.4634,441716.6846,롯데시네마 가산디지털(제2관),금천구
1,3170000,서울특별시 금천구 가산동 60-8 현대시티아울렛 가산점 ,190119.4634,441716.6846,롯데시네마 가산디지털(제1관),금천구
1,3170000,서울특별시 금천구 가산동 60-8 현대시티아울렛 가산점 ,190119.4634,441716.6846,롯데시네마 가산디지털(제5관),금천구
1,3170000,서울특별시 금천구 가산동 60-8 현대시티아울렛 가산점 ,190119.4634,441716.6846,롯데시네마 가산디지털(제6관),금천구
1,3180000,서울특별시 영등포구 영등포동4가 442 타임스퀘어 4층 ,191385.0574,446098.5559,CGV 영등포 제3관,영등포구
1,3180000,서울특별시 영등포구 영등포동4가 442 타임스퀘어 4층 ,191385.0574,446098.5559,CGV 영등포 제4관,영등포구
1,3180000,서울특별시 영등포구 영등포동4가 442 타임스퀘어 4층 ,191385.0574,446098.5559,CGV 영등포 제5관,영등포구
1,3180000,서울특별시 영등포구 영등포동4가 442 타임스퀘어 4층 ,191385.0574,446098.5559,CGV 영등포 제8관,영등포구
1,3180000,서울특별시 영등포구 영등포동4가 442 타임스퀘어 4층 ,191385.0574,446098.5559,CGV 영등포 제6관,영등포구
1,3180000,서울특별시 영등포구 영등포동4가 442 타임스퀘어 4층 ,191385.0574,446098.5559,CGV 영등포 제7관,영등포구
1,3180000,서울특별시 영등포구 영등포동4가 442 타임스퀘어 4층 ,191385.0574,446098.5559,CGV 영등포 제2관[4D],영등포구
1,3180000,서울특별시 영등포구 영등포동4가 442 타임스퀘어 4층,191385.0574,446098.5559,CGV 영등포 제11관(SCREEN X),영등포구
1,3180000,서울특별시 영등포구 영등포동4가 442 ,191385.0574,446098.5559,CGV 영등포 12관(SPHERE X),영등포구
1,3180000,서울특별시 영등포구 영등포동4가 442 타임스퀘어 4층 ,191385.0574,446098.5559,CGV 영등포 제10관(골드클래스),영등포구
1,3220000,서울특별시 강남구 도곡동 174-3 ,204098.596,442807.3172,도곡3관,강남구
1,3180000,서울특별시 영등포구 영등포동4가 442 타임스퀘어 4층 ,191385.0574,446098.5559,CGV 영등포 제9관,영등포구
1,3180000,서울특별시 영등포구 영등포동4가 442 타임스퀘어 4층 ,191385.0574,446098.5559,CGV 영등포 제1관,영등포구
1,3190000,서울특별시 동작구 사당동 147-53 골든씨네마 7층 ,198295.8433,442507.6991,메가박스(주) 이수지점,동작구
1,3190000,서울특별시 동작구 사당동 147-53번지 골든시네마타워 12층 ,198295.8433,442507.6991,아트나인 9관,동작구
1,3190000,서울특별시 동작구 사당동 147-53번지 골든시네마타워 12층 ,198295.8433,442507.6991,아트나인 0관,동작구
1,3190000,서울특별시 구로구 개봉동 297-2번지 ,186729.5886,442612.4245,떼아뜨르 이동영화,구로구
1,3190000,서울특별시 동작구 사당동 147-53 골든씨네마 7층 ,198295.8433,442507.6991,메가박스(주) 이수지점,동작구
1,3190000,서울특별시 동작구 사당동 147-53 골든씨네마 7층 ,198295.8433,442507.6991,메가박스(주) 이수지점,동작구
1,3190000,서울특별시 동작구 사당동 147-53 골든씨네마 7층 ,198295.8433,442507.6991,메가박스(주) 이수지점,동작구
1,3190000,서울특별시 동작구 사당동 147-53 골든씨네마 7층 ,198295.8433,442507.6991,메가박스(주) 이수지점,동작구
1,3190000,서울특별시 동작구 사당동 147-53 골든씨네마 7층 ,198295.8433,442507.6991,메가박스(주) 이수지점,동작구
1,3200000,서울특별시 관악구 신림동 1641-2 14층 ,193754.4274,442407.2012,롯데시네마 신림 제2관,관악구
1,3200000,서울특별시 관악구 신림동 1641-2 14층 ,193754.4274,442407.2012,롯데시네마 신림 제1관,관악구
1,3200000,서울특별시 관악구 신림동 1641-2 14층 ,193754.4274,442407.2012,롯데시네마 신림 제8관,관악구
1,3200000,서울특별시 관악구 신림동 1641-2 14층 ,193754.4274,442407.2012,롯데시네마 신림 제5관,관악구
1,3200000,서울특별시 관악구 신림동 1641-2 14층 ,193754.4274,442407.2012,롯데시네마 신림 제4관,관악구
1,3200000,서울특별시 관악구 신림동 1641-2 14층 ,193754.4274,442407.2012,롯데시네마 신림 제7관,관악구
1,3200000,서울특별시 관악구 신림동 1641-2 14층 ,193754.4274,442407.2012,롯데시네마 신림 제3관,관악구
1,3210000,서울특별시 서초구 서초동 1335 서초그랑자이 ,202245.3779,442987.987,CGV Salon 서초,서초구
1,3210000,서울특별시 서초구 반포동 19-3 센트럴시티 지하1층 ,200250.4478,444683.2205,메가박스중앙(주) 센트럴 더부티크 103호,서초구
1,3210000,서울특별시 서초구 반포동 19-3 센트럴시티 지하1층 ,200250.4478,444683.2205,메가박스중앙(주) 센트럴 더부티크 104호,서초구
1,3210000,서울특별시 서초구 반포동 19-3 센트럴시티 지하1층 ,200250.4478,444683.2205,메가박스중앙(주) 센트럴 더부티크 102호,서초구
1,3210000,서울특별시 서초구 서초동 1317-20 ,202276.9172,443970.968,메가박스중앙(주) 강남 1관,서초구
1,3210000,서울특별시 서초구 서초동 1317-20 ,202276.9172,443970.968,메가박스중앙(주) 강남 2관,서초구
1,3210000,서울특별시 서초구 서초동 1317-20 ,202276.9172,443970.968,메가박스중앙(주) 강남 3관,서초구
1,3210000,서울특별시 서초구 서초동 1317-20 ,202276.9172,443970.968,메가박스중앙(주) 강남 5관,서초구
1,3210000,서울특별시 서초구 서초동 1317-20 ,202276.9172,443970.968,메가박스중앙(주) 강남 4관,서초구
1,3210000,서울특별시 서초구 서초동 1317-20 ,202276.9172,443970.968,메가박스중앙(주) 강남 6관,서초구
1,3210000,서울특별시 서초구 서초동 1317-20 ,202276.9172,443970.968,메가박스중앙(주) 강남 7관,서초구
1,3210000,서울특별시 서초구 반포동 19-3 센트럴시티 지하1층 ,200250.4478,444683.2205,메가박스중앙(주) 센트럴 더부티크 101호,서초구
1,3240000,서울특별시 강동구 성내동 549-1번지 ,210992.4973,447372.6172,메가박스 강동9,강동구
1,3210000,서울특별시 서초구 반포동 19-3 센트럴시티 지하1층 ,200250.4478,444683.2205,메가박스중앙(주) 센트럴 더부티크 105호,서초구
1,3220000,서울특별시 강남구 도곡동 174-3 ,204098.596,442807.3172,도곡7관,강남구
1,3220000,서울특별시 강남구 도곡동 174-3 ,204098.596,442807.3172,도곡1관,강남구
1,3220000,서울특별시 강남구 도곡동 174-3 ,204098.596,442807.3172,도곡6관,강남구
1,3220000,서울특별시 강남구 도곡동 174-3 ,204098.596,442807.3172,도곡5관,강남구
1,3220000,서울특별시 강남구 도곡동 174-3 ,204098.596,442807.3172,도곡4관,강남구
1,3220000,서울특별시 강남구 논현동 1-3번지 ,201753.1885,446003.4452,클래식시네마스페이스(주),강남구
1,3220000,서울특별시 강남구 역삼동 814-6 스타플렉스 6층 ,202262.4579,444382.5423,CGV 강남제2관,강남구
1,3220000,서울특별시 강남구 역삼동 814-6 스타플렉스 8층 ,202262.4579,444382.5423,CGV 강남제3관,강남구
1,3220000,서울특별시 강남구 역삼동 814-6 스타플랙스 10층 ,202262.4579,444382.5423,CGV 강남제4관,강남구
1,3220000,서울특별시 강남구 역삼동 814-6 스타플랙스 10층 ,202262.4579,444382.5423,CGV 강남제5관,강남구
1,3220000,서울특별시 강남구 역삼동 814-6 스타플렉스 10층 ,202262.4579,444382.5423,CGV 강남제6관,강남구
1,3220000,서울특별시 강남구 신사동 603-2 ,202478.5995,446927.6243,CGV압구정 제3관,강남구
1,3220000,서울특별시 강남구 신사동 602 ,202530.1848,446900.9612,씨네 드 쉐프 A관,강남구
1,3220000,서울특별시 강남구 논현동 3번지 외2필지 ,201836.2576,446034.6865,롯데시네마 브로드웨이 6관,강남구
1,3220000,서울특별시 강남구 신사동 532-1 지하2층 ,201876.7638,446752.4509,이봄씨어터,강남구
1,3220000,서울특별시 강남구 삼성동 159 ,205130.5917,445590.0968,코엑스 소상영관 B,강남구
1,3220000,서울특별시 강남구 삼성동 159 ,205130.5917,445590.0968,코엑스 소상영관 A,강남구
1,3220000,서울특별시 강남구 논현동 97-26번지 ,203069.2121,446531.9041,씨네예술관 1관,강남구
1,3220000,서울특별시 강남구 논현동 97-26번지 ,203069.2121,446531.9041,씨네예술관 2관,강남구
1,3220000,서울특별시 강남구 논현동 4-15번지 ,201924.4852,446086.6929,씨네마강남 1관,강남구
1,3220000,서울특별시 강남구 논현동 4-15번지 ,201924.4852,446086.6929,씨네마강남 2관,강남구
1,3220000,서울특별시 강남구 삼성동 159 코엑스 ,205130.5917,445590.0968,코엑스지점 더 부티크 프라이빗,강남구
1,3220000,서울특별시 강남구 논현동 91-6번지 ,203064.6402,446594.3191,씨네하우스 2관,강남구
1,3220000,서울특별시 강남구 논현동 91-6번지 ,203064.6402,446594.3191,씨네하우스 3관,강남구
1,3220000,서울특별시 강남구 역삼동 816-7번지 ,202337.2215,444235.2846,메가박스 씨티(강남대로)3관,강남구
1,3220000,서울특별시 강남구 역삼동 816-7번지 ,202337.2215,444235.2846,메가박스 씨티(강남대로)4관,강남구
1,3220000,서울특별시 강남구 삼성동 159 ,205130.5917,445590.0968,코엑스 Dolby Cinema,강남구
1,3220000,서울특별시 강남구 논현동 6-3 ,202160.3319,446215.9356,코엑스 컴포트 2관,강남구
1,3220000,서울특별시 강남구 논현동 4-15번지 ,201924.4852,446086.6929,씨네마강남 대관,강남구
1,3220000,서울특별시 강남구 논현동 58-3번지 ,202510.1756,445767.5124,(주)케이엠티브이,강남구
1,3220000,서울특별시 강남구 신사동 603-2 ,202478.5995,446927.6243,CGV압구정 제2관,강남구
1,3220000,서울특별시 강남구 논현동 123-2번지 ,202039.7404,445481.8844,강남비디오소극장,강남구
1,3220000,서울특별시 강남구 역삼동 816번지 ,202310.3114,444240.7983,메가박스 씨티(강남대로)1관,강남구
1,3220000,서울특별시 강남구 역삼동 816번지 ,202310.3114,444240.7983,메가박스 씨티(강남대로)2관,강남구
1,3220000,서울특별시 강남구 논현동 1-3번지 ,201753.1885,446003.4452,클래식시네마스페이스(주),강남구
1,3220000,서울특별시 강남구 삼성동 159 ,205130.5917,445590.0968,코엑스 컴포트 3관,강남구
1,3220000,서울특별시 강남구 삼성동 159 ,205130.5917,445590.0968,코엑스 컴포트 4관,강남구
1,3220000,서울특별시 강남구 논현동 6-13 ,202205.4307,446211.2208,코엑스 컴포트 6관,강남구
1,3220000,서울특별시 강남구 삼성동 159 ,205130.5917,445590.0968,코엑스 컴포트 7관,강남구
1,3220000,서울특별시 강남구 삼성동 159 ,205130.5917,445590.0968,코엑스 컴포트 8관,강남구
1,3220000,서울특별시 강남구 삼성동 159 ,205130.5917,445590.0968,코엑스 컴포트 9관,강남구
1,3220000,서울특별시 강남구 삼성동 159 ,205130.5917,445590.0968,코엑스 컴포트 10관,강남구
1,3220000,서울특별시 강남구 신사동 603-2,202478.5995,446927.6243,CGV압구정 IMAX관,강남구
1,3220000,서울특별시 강남구 삼성동 159 ,205130.5917,445590.0968,코엑스 컴포트 11관,강남구
1,3220000,서울특별시 강남구 신사동 602 ,202530.1848,446900.9612,CGV압구정 제4관,강남구
1,3220000,서울특별시 강남구 신사동 602 ,202530.1848,446900.9612,씨네 드 쉐프 B관,강남구
1,3220000,서울특별시 강남구 역삼동 814-6 스타플렉스 6층 ,202262.4579,444382.5423,CGV 강남제1관,강남구
1,3220000,서울특별시 강남구 삼성동 159 ,205130.5917,445590.0968,코엑스 102호 스위트룸,강남구
1,3220000,서울특별시 강남구 삼성동 159 ,205130.5917,445590.0968,코엑스 103호 스위트룸,강남구
1,3220000,서울특별시 강남구 삼성동 159 ,205130.5917,445590.0968,코엑스 104호 컴포트룸,강남구
1,3220000,서울특별시 강남구 삼성동 159 ,205130.5917,445590.0968,코엑스 105호 컴포트룸,강남구
1,3220000,서울특별시 강남구 삼성동 159 ,205130.5917,445590.0968,코엑스 101호 스위트룸,강남구
1,3220000,서울특별시 강남구 역삼동 814-6번지 ,202262.4579,444382.5423,주공공이 1관,강남구
1,3220000,서울특별시 강남구 역삼동 814-6번지 ,202262.4579,444382.5423,주공공이 2관,강남구
1,3220000,서울특별시 강남구 역삼동 814-6번지 ,202262.4579,444382.5423,주공공이 3관,강남구
1,3220000,서울특별시 강남구 역삼동 814-6번지 ,202262.4579,444382.5423,주공공이 4관,강남구
1,3220000,서울특별시 강남구 역삼동 814-6번지 ,202262.4579,444382.5423,주공공이 시사실,강남구
1,3220000,서울특별시 강남구 논현동 3-5번지 2층 ,201869.7776,446024.4102,롯데시네마 브로드웨이 1관,강남구
1,3220000,서울특별시 강남구 논현동 3-5번지 4층 ,201869.7776,446024.4102,롯데시네마 브로드웨이 2관,강남구
1,3220000,서울특별시 강남구 논현동 3-5번지 1층 ,201869.7776,446024.4102,롯데시네마 브로드웨이 3관,강남구
1,3220000,서울특별시 강남구 논현동 3-5번지 1층 ,201869.7776,446024.4102,롯데시네마 브로드웨이 4관,강남구
1,3220000,서울특별시 강남구 논현동 3-5번지 1층 ,201869.7776,446024.4102,롯데시네마 브로드웨이 5관,강남구
1,3220000,서울특별시 강남구 신사동 651-21 ,203205.417,446740.5529,CGV 청담씨네시티 CINEMA SWEETBOX PREMIUM 관,강남구
1,3220000,서울특별시 강남구 신사동 651-21 ,203205.417,446740.5529,CGV 청담씨네시티 1관(HEADPHONE),강남구
1,3220000,서울특별시 강남구 신사동 651-21 ,203205.417,446740.5529,CGV 청담씨네시티 2관(HEADPHONE),강남구
1,3220000,서울특별시 강남구 신사동 651-21 ,203205.417,446740.5529,CGV 청담씨네시티 3관(COMFORT SWEETBOX PREMIUM),강남구
1,3220000,서울특별시 강남구 신사동 651-21번지 ,203205.417,446740.5529,씨네시티11관,강남구
1,3220000,서울특별시 강남구 신사동 651-21번지 ,203205.417,446740.5529,씨네시티12관,강남구
1,3220000,서울특별시 강남구 신사동 651-21번지 ,203205.417,446740.5529,씨네시티3관,강남구
1,3220000,서울특별시 강남구 논현동 91-6번지 ,203064.6402,446594.3191,씨네하우스 1관,강남구
1,3220000,서울특별시 강남구 논현동 91-6번지 ,203064.6402,446594.3191,씨네하우스 4관,강남구
1,3220000,서울특별시 강남구 신사동 651-21 ,203205.417,446740.5529,CGV 청담씨네시티 4DX,강남구
1,3220000,서울특별시 강남구 신사동 602 ,202530.1848,446900.9612,CGV압구정 ART 1관,강남구
1,3220000,서울특별시 강남구 신사동 602 ,202530.1848,446900.9612,CGV압구정 ART 2관,강남구
1,3220000,서울특별시 강남구 역삼동 814-6번지 ,202262.4579,444382.5423,(주)강제규필름,강남구
1,3220000,서울특별시 강남구 역삼동 814-6번지 ,202262.4579,444382.5423,주공공이2관,강남구
1,3220000,서울특별시 강남구 역삼동 814-6번지 ,202262.4579,444382.5423,주공공이3관,강남구
1,3220000,서울특별시 강남구 역삼동 814-6번지 ,202262.4579,444382.5423,주공공이4관,강남구
1,3220000,서울특별시 강남구 삼성동 159-0번지 ,205130.5917,445590.0968,메가박스씨네플렉스(주),강남구
1,3220000,서울특별시 강남구 삼성동 159-0번지 ,205130.5917,445590.0968,메가박스씨네플렉(주),강남구
1,3220000,서울특별시 강남구 삼성동 159-0번지 ,205130.5917,445590.0968,메가박스씨네플렉스(주),강남구
1,3220000,서울특별시 강남구 삼성동 159-0번지 ,205130.5917,445590.0968,메가박스씨네플렉스(주),강남구
1,3220000,서울특별시 강남구 삼성동 159-0번지 ,205130.5917,445590.0968,메가박스씨네플렉스(주),강남구
1,3220000,서울특별시 강남구 삼성동 159-0번지 ,205130.5917,445590.0968,메가박스씨네플렉스(주),강남구
1,3220000,서울특별시 강남구 삼성동 159-0번지 ,205130.5917,445590.0968,메가박스씨네플렉스(주),강남구
1,3220000,서울특별시 강남구 삼성동 159-0번지 ,205130.5917,445590.0968,메가박스씨네플렉스(주),강남구
1,3220000,서울특별시 강남구 삼성동 159-0번지 ,205130.5917,445590.0968,메가박스씨네플렉스(주),강남구
1,3220000,서울특별시 강남구 삼성동 159-0번지 ,205130.5917,445590.0968,메가박스씨네플렉스(주),강남구
1,3220000,서울특별시 강남구 삼성동 159-0번지 ,205130.5917,445590.0968,메가박스씨네플렉스(주),강남구
1,3220000,서울특별시 강남구 삼성동 159-0번지 ,205130.5917,445590.0968,메가박스씨네플렉스(주),강남구
1,3220000,서울특별시 강남구 삼성동 159-0번지 ,205130.5917,445590.0968,메가박스씨네플렉스(주),강남구
1,3220000,서울특별시 강남구 삼성동 159-0번지 ,205130.5917,445590.0968,메가박스씨네플렉스(주),강남구
1,3230000,서울특별시 송파구 문정동 516 가든파이브라이프영관 10층 ,211053.1195,442026.9888,CGV 송파 6관,송파구
1,3230000,서울특별시 송파구 문정동 516 가든파이브라이프영관10층 ,211053.1195,442026.9888,CGV 송파 4관,송파구
1,3230000,서울특별시 송파구 문정동 516 가든파이브라이프영관 10층 ,211053.1195,442026.9888,CGV 송파 SPHERE X,송파구
1,3230000,서울특별시 송파구 문정동 516 가든파이브라이프영관10층 ,211053.1195,442026.9888,CGV송파4DX관,송파구
1,3230000,서울특별시 송파구 문정동 516 가든파이브라이프영관 10층 ,211053.1195,442026.9888,CGV 송파 3관,송파구
1,3230000,서울특별시 송파구 문정동 516 가든파이브라이프영관 10층 ,211053.1195,442026.9888,CGV 송파 1관,송파구
1,3230000,서울특별시 송파구 문정동 516 가든파이브라이프영관 10층 ,211053.1195,442026.9888,CGV 송파 2관,송파구
1,3230000,서울특별시 송파구 신천동 29 ,209074.9008,445657.8093,롯데시네마 월드타워(제21관),송파구
1,3230000,서울특별시 송파구 신천동 29 ,209074.9008,445657.8093,롯데시네마 월드타워(제9관),송파구
1,3230000,서울특별시 송파구 신천동 29 ,209074.9008,445657.8093,롯데시네마 월드타워(제20관),송파구
1,3240000,서울특별시 강동구 성내동 549-1번지 ,210992.4973,447372.6172,메가박스 강동10,강동구
1,3230000,서울특별시 송파구 신천동 29 ,209074.9008,445657.8093,롯데시네마 월드타워(제19관),송파구
1,3230000,서울특별시 송파구 신천동 29 ,209074.9008,445657.8093,롯데시네마 월드타워(제18관),송파구
1,3230000,서울특별시 송파구 신천동 29 ,209074.9008,445657.8093,롯데시네마 월드타워(제17관),송파구
1,3230000,서울특별시 송파구 신천동 29 ,209074.9008,445657.8093,롯데시네마 월드타워(제16관),송파구
1,3230000,서울특별시 송파구 신천동 29 ,209074.9008,445657.8093,롯데시네마 월드타워(제15관),송파구
1,3230000,서울특별시 송파구 신천동 29 ,209074.9008,445657.8093,롯데시네마 월드타워(제14관),송파구
1,3230000,서울특별시 송파구 신천동 29 ,209074.9008,445657.8093,롯데시네마 월드타워(제13관),송파구
1,3230000,서울특별시 송파구 신천동 29 ,209074.9008,445657.8093,롯데시네마 월드타워(제12관),송파구
1,3230000,서울특별시 송파구 신천동 29 ,209074.9008,445657.8093,롯데시네마 월드타워(제11관),송파구
1,3230000,서울특별시 송파구 신천동 29 ,209074.9008,445657.8093,롯데시네마 월드타워(제2관),송파구
1,3230000,서울특별시 송파구 신천동 29 ,209074.9008,445657.8093,롯데시네마 월드타워(제7관),송파구
1,3230000,서울특별시 송파구 문정동 634 가든파이브라이프 영관 10층 ,210986.4607,441725.2935,CGV 송파 8관,송파구
1,3230000,서울특별시 송파구 문정동 618 204동 비162호,210868.3975,442053.2279,메가박스 송파파크하비오점(9관),송파구
1,3230000,서울특별시 송파구 문정동 618 204동 비162호,210868.3975,442053.2279,메가박스 송파파크하비오점(8관),송파구
1,3230000,서울특별시 송파구 문정동 618 204동 비162호,210868.3975,442053.2279,메가박스 송파파크하비오점(7관),송파구
1,3230000,서울특별시 송파구 문정동 618 204동 비162호,210868.3975,442053.2279,메가박스 송파파크하비오점(6관),송파구
1,3230000,서울특별시 송파구 문정동 618 204동 비162호,210868.3975,442053.2279,메가박스 송파파크하비오점(5관),송파구
1,3230000,서울특별시 송파구 문정동 618 204동 비162호,210868.3975,442053.2279,메가박스 송파파크하비오점(4관),송파구
1,3230000,서울특별시 송파구 문정동 618 204동 비162호,210868.3975,442053.2279,메가박스 송파파크하비오점(3관),송파구
1,3230000,서울특별시 송파구 신천동 29 ,209074.9008,445657.8093,롯데시네마 월드타워(제10관),송파구
1,3230000,서울특별시 송파구 신천동 29 ,209074.9008,445657.8093,롯데시네마 월드타워(제8관),송파구
1,3230000,서울특별시 송파구 신천동 29 ,209074.9008,445657.8093,롯데시네마 월드타워(제1관),송파구
1,3230000,서울특별시 송파구 신천동 29 ,209074.9008,445657.8093,롯데시네마 월드타워(제6관),송파구
1,3230000,서울특별시 송파구 신천동 29 ,209074.9008,445657.8093,롯데시네마 월드타워(제5관),송파구
1,3230000,서울특별시 송파구 신천동 29 ,209074.9008,445657.8093,롯데시네마 월드타워(제4관),송파구
1,3230000,서울특별시 송파구 신천동 29 ,209074.9008,445657.8093,롯데시네마 월드타워(제3관),송파구
1,3230000,서울특별시 송파구 문정동 618 204동 비162호,210868.3975,442053.2279,메가박스 송파파크하비오점(2관),송파구
1,3230000,서울특별시 송파구 문정동 618 204동 비162호,210868.3975,442053.2279,메가박스 송파파크하비오점(1관),송파구
1,3240000,서울특별시 강동구 성내동 549-1번지 ,210992.4973,447372.6172,메가박스 강동1,강동구
1,3240000,서울특별시 강동구 성내동 549-1번지 ,210992.4973,447372.6172,메가박스 강동2,강동구
1,3240000,서울특별시 강동구 성내동 549-1번지 ,210992.4973,447372.6172,메가박스 강동3,강동구
1,3240000,서울특별시 강동구 성내동 549-1번지 ,210992.4973,447372.6172,메가박스 강동4,강동구
1,3240000,서울특별시 강동구 성내동 549-1번지 ,210992.4973,447372.6172,메가박스 강동6,강동구
1,3240000,서울특별시 강동구 성내동 44-1번지 ,211008.0193,448270.5004,롯데시네마 1관,강동구
1,3240000,서울특별시 강동구 성내동 44-1번지 ,211008.0193,448270.5004,롯데시네마 2관,강동구
1,3240000,서울특별시 강동구 성내동 44-1번지 ,211008.0193,448270.5004,롯데시네마 3관,강동구
1,3240000,서울특별시 강동구 성내동 44-1번지 ,211008.0193,448270.5004,롯데시네마 4관,강동구
1,3240000,서울특별시 강동구 성내동 44-1번지 ,211008.0193,448270.5004,롯데시네마 5관,강동구
1,3240000,서울특별시 강동구 성내동 44-1번지 ,211008.0193,448270.5004,롯데시네마 6관,강동구
1,3240000,서울특별시 강동구 성내동 44-1번지 ,211008.0193,448270.5004,롯데시네마 7관,강동구
1,3240000,서울특별시 강동구 성내동 44-1번지 ,211008.0193,448270.5004,롯데시네마 8관,강동구
1,3240000,서울특별시 강동구 성내동 44-1번지 ,211008.0193,448270.5004,롯데시네마 9관,강동구
1,3240000,서울특별시 강동구 성내동 44-1번지 ,211008.0193,448270.5004,롯데시네마 10관,강동구
1,3240000,서울특별시 강동구 성내동 549-1번지 ,210992.4973,447372.6172,메가박스 강동7,강동구
1,3240000,서울특별시 강동구 성내동 549-1번지 ,210992.4973,447372.6172,메가박스 강동8,강동구
1,3240000,서울특별시 강동구 천호동 42 ,212501.3691,449282.3104,CGV 천호 2관,강동구
1,3240000,서울특별시 강동구 천호동 42 ,212501.3691,449282.3104,CGV 천호 3관,강동구
1,3240000,서울특별시 강동구 천호동 42 ,212501.3691,449282.3104,CGV 천호 4관,강동구
1,3240000,서울특별시 강동구 천호동 42 ,212501.3691,449282.3104,CGV 천호 5관,강동구
1,3240000,서울특별시 강동구 천호동 42 ,212501.3691,449282.3104,CGV 천호 6관,강동구
1,3240000,서울특별시 강동구 천호동 42 ,212501.3691,449282.3104,CGV 천호 1관,강동구
1,3050000,서울특별시 동대문구 전농동 591-53 청량리민자역사 8층9층,204081.2821,453187.3952,롯데시네마청량리 제1관,동대문구
